id,document_id,strategy,repeat,status,original_context_units,context_budget,selected_context_units,input_units,baseline_input_units,exact_match,f1,answer_contains_gold,answer_span_retained,timing_scope,cache_lookup_seconds,compression_seconds,end_to_end_seconds
57286010ff5b5019007da1cc,University_of_Chicago,head-0.25,0,ok,31983,7995,7923,8027,32087,0.0,0.0,False,False,pipeline-v2,0.00023170001804828644,0.005263400002149865,0.006295099999988452
572872dd2ca10214002da37e,University_of_Chicago,head-0.25,0,ok,31983,7995,7923,7993,32053,0.0,0.0,False,False,pipeline-v2,0.00022789998911321163,0.003187700000125915,0.004128800006583333
57286010ff5b5019007da1cd,University_of_Chicago,head-0.25,0,ok,31983,7995,7923,7989,32049,0.0,0.0,False,False,pipeline-v2,0.00019389999215491116,0.002968999993754551,0.003825799998594448
57283db6ff5b5019007d9fbe,University_of_Chicago,head-0.25,0,ok,31983,7995,7923,8028,32088,0.0,0.42105263157894735,True,True,pipeline-v2,0.00019680001423694193,0.003383400005986914,0.004345800000010058
572847ff3acd2414000df869,University_of_Chicago,head-0.25,0,ok,31983,7995,7923,8024,32084,0.0,0.0,False,True,pipeline-v2,0.0001669999910518527,0.0038170999905560166,0.004789300000993535
572870b2ff5b5019007da222,University_of_Chicago,head-0.25,0,ok,31983,7995,7923,8048,32108,0.0,0.0,False,True,pipeline-v2,0.00017320000915788114,0.0037481999897863716,0.00473670000792481
572843304b864d190016484b,University_of_Chicago,head-0.25,0,ok,31983,7995,7923,7994,32054,0.0,0.3333333333333333,True,True,pipeline-v2,0.0001748999929986894,0.0031670999887865037,0.004030199983390048
57284142ff5b5019007da00a,University_of_Chicago,head-0.25,0,ok,31983,7995,7923,8009,32069,0.0,0.0,False,True,pipeline-v2,0.00019760002032853663,0.0040723000129219145,0.005146200011949986
57285213ff5b5019007da182,University_of_Chicago,head-0.25,0,ok,31983,7995,7923,8018,32078,0.0,0.0,False,False,pipeline-v2,0.00031609999132342637,0.0036060999846085906,0.004688699991675094
57286ec63acd2414000df9d3,University_of_Chicago,head-0.25,0,ok,31983,7995,7923,8024,32084,0.0,0.0,False,False,pipeline-v2,0.00017949999892152846,0.0032939999946393073,0.004216000001179054
57287e512ca10214002da3fb,Yuan_dynasty,head-0.25,0,ok,45620,11405,11393,11473,45700,0.0,0.0,False,False,pipeline-v2,0.0003989999822806567,0.006216500012669712,0.008054399979300797
572879574b864d1900164a14,Yuan_dynasty,head-0.25,0,ok,45620,11405,11393,11490,45717,0.0,0.0,False,True,pipeline-v2,0.00023460001102648675,0.006682200008071959,0.008490699983667582
57287b4a4b864d1900164a28,Yuan_dynasty,head-0.25,0,ok,45620,11405,11393,11488,45715,0.0,0.16666666666666666,True,True,pipeline-v2,0.0002364999963901937,0.006564000010257587,0.008291800011647865
572860e03acd2414000df979,Yuan_dynasty,head-0.25,0,ok,45620,11405,11393,11462,45689,0.0,0.06060606060606061,False,True,pipeline-v2,0.00022499999613501132,0.005508300004294142,0.007098200003383681
572885c44b864d1900164a7a,Yuan_dynasty,head-0.25,0,ok,45620,11405,11393,11469,45696,0.0,0.0,False,True,pipeline-v2,0.00023559998953714967,0.005753500008722767,0.00729979999596253
572872822ca10214002da375,Yuan_dynasty,head-0.25,0,ok,45620,11405,11393,11503,45730,0.0,0.0,False,False,pipeline-v2,0.00023490001331083477,0.006549899990204722,0.008363500004634261
57288428ff5b5019007da292,Yuan_dynasty,head-0.25,0,ok,45620,11405,11393,11465,45692,0.0,0.14285714285714285,False,False,pipeline-v2,0.0003176000027451664,0.005614699999568984,0.00723030001972802
5728809f2ca10214002da40d,Yuan_dynasty,head-0.25,0,ok,45620,11405,11393,11460,45687,0.0,0.0,False,False,pipeline-v2,0.0005091999773867428,0.005731800018111244,0.007546599983470514
57287f6a3acd2414000dfa55,Yuan_dynasty,head-0.25,0,ok,45620,11405,11393,11485,45712,0.0,0.0,False,False,pipeline-v2,0.0002657999866642058,0.006486600002972409,0.008384099986869842
572860e03acd2414000df977,Yuan_dynasty,head-0.25,0,ok,45620,11405,11393,11482,45709,0.0,0.26666666666666666,True,True,pipeline-v2,0.00024419999681413174,0.005935900000622496,0.007595900009619072
5729f799af94a219006aa70a,Immune_system,head-0.25,0,ok,41014,10253,10189,10292,41117,0.0,0.15384615384615385,True,True,pipeline-v2,0.0002680999750737101,0.0058803000138141215,0.0074019999883603305
5726f8abf1498d1400e8f166,Immune_system,head-0.25,0,ok,41014,10253,10189,10279,41104,0.0,0.7,True,True,pipeline-v2,0.00022350001381710172,0.005402999988291413,0.006724900013068691
5729f69caf94a219006aa6fb,Immune_system,head-0.25,0,ok,41014,10253,10189,10327,41152,0.0,0.0,False,False,pipeline-v2,0.00026649999199435115,0.008244299999205396,0.009816900012083352
5729f1fcaf94a219006aa6d6,Immune_system,head-0.25,0,ok,41014,10253,10189,10317,41142,0.0,0.12903225806451613,False,False,pipeline-v2,0.0002539000124670565,0.00574570000753738,0.007221700012451038
5729f4b41d0469140077968d,Immune_system,head-0.25,0,ok,41014,10253,10189,10333,41158,0.0,0.0,False,False,pipeline-v2,0.0002583000168669969,0.006563100003404543,0.008096300007309765
572900f73f37b31900477f6b,Immune_system,head-0.25,0,ok,41014,10253,10189,10307,41132,0.0,0.3333333333333333,True,True,pipeline-v2,0.0002418000076431781,0.0052158999897073954,0.006569600023794919
572a07fc6aef0514001551dc,Immune_system,head-0.25,0,ok,41014,10253,10189,10302,41127,0.0,0.08695652173913043,False,False,pipeline-v2,0.00022059999173507094,0.005878199997823685,0.0072597999824211
572a12386aef051400155237,Immune_system,head-0.25,0,ok,41014,10253,10189,10318,41143,0.0,0.08333333333333333,False,False,pipeline-v2,0.0002688000095076859,0.005530099995667115,0.006953900010557845
5728f7774b864d1900165132,Immune_system,head-0.25,0,ok,41014,10253,10189,10298,41123,0.0,0.2,True,True,pipeline-v2,0.00026760000037029386,0.005726799980038777,0.007183999987319112
5728f6446aef0514001548e4,Immune_system,head-0.25,0,ok,41014,10253,10189,10289,41114,0.0,0.46153846153846156,True,True,pipeline-v2,0.0002880000101868063,0.0055269000004045665,0.006993999995756894
57292449af94a219006aa0df,Kenya,head-0.25,0,ok,40122,10030,9954,10033,40201,0.0,0.0,False,False,pipeline-v2,0.0002212999970652163,0.004955699987476692,0.006263899995246902
5728fa576aef051400154922,Kenya,head-0.25,0,ok,40122,10030,9954,10026,40194,0.0,0.2,True,True,pipeline-v2,0.0002052999916486442,0.004902200016658753,0.006159399985335767
572918bd3f37b31900478018,Kenya,head-0.25,0,ok,40122,10030,9954,10044,40212,0.0,0.0,False,False,pipeline-v2,0.0002691999834496528,0.005441499990411103,0.006940699997358024
572913626aef051400154a30,Kenya,head-0.25,0,ok,40122,10030,9954,10032,40200,0.0,0.13793103448275862,False,False,pipeline-v2,0.00020979999681003392,0.004764199984492734,0.0059886999952141196
572929d56aef051400154b0b,Kenya,head-0.25,0,ok,40122,10030,9954,10026,40194,0.0,0.0,False,False,pipeline-v2,0.00020410001161508262,0.0050755999982357025,0.006318500003544614
57291a7b1d04691400779040,Kenya,head-0.25,0,ok,40122,10030,9954,10027,40195,0.0,0.0,False,False,pipeline-v2,0.00029719999292865396,0.004856099985772744,0.006232199986698106
572906e23f37b31900477f8e,Kenya,head-0.25,0,ok,40122,10030,9954,10025,40193,0.0,0.5161290322580645,True,True,pipeline-v2,0.00022909999825060368,0.004975299991201609,0.006305799994152039
57291fb4af94a219006aa0b5,Kenya,head-0.25,0,ok,40122,10030,9954,10045,40213,0.0,0.0,False,False,pipeline-v2,0.00022250000620260835,0.005140599998412654,0.006491400010418147
572926653f37b3190047807d,Kenya,head-0.25,0,ok,40122,10030,9954,10023,40191,0.0,0.0,False,False,pipeline-v2,0.0002628000220283866,0.004468599974643439,0.005795000004582107
572903d96aef0514001549a7,Kenya,head-0.25,0,ok,40122,10030,9954,10049,40217,0.0,0.18181818181818182,True,True,pipeline-v2,0.00022409998928196728,0.00533379998523742,0.00683159998152405
5730b4282461fd1900a9cfc7,Imperialism,head-0.25,0,ok,35849,8962,8909,9006,35946,0.0,0.0,False,False,pipeline-v2,0.0002108000044245273,0.004018300009192899,0.005148900003405288
573062662461fd1900a9cdf7,Imperialism,head-0.25,0,ok,35849,8962,8909,8992,35932,0.0,0.11764705882352941,True,True,pipeline-v2,0.0002682000049389899,0.004140100005315617,0.005345500016119331
5730876a396df9190009617e,Imperialism,head-0.25,0,ok,35849,8962,8909,8998,35938,0.0,0.06451612903225806,True,True,pipeline-v2,0.00020050001330673695,0.004554600018309429,0.005924099998082966
573092088ab72b1400f9c595,Imperialism,head-0.25,0,ok,35849,8962,8909,9001,35941,0.0,0.0,False,False,pipeline-v2,0.00019649998284876347,0.004264599992893636,0.0054395000042859465
5730876a396df9190009617b,Imperialism,head-0.25,0,ok,35849,8962,8909,8999,35939,0.0,0.05405405405405406,False,True,pipeline-v2,0.00019839999731630087,0.004491600004257634,0.005690699996193871
573083dc2461fd1900a9ce70,Imperialism,head-0.25,0,ok,35849,8962,8909,9014,35954,0.0,0.125,True,True,pipeline-v2,0.0002429999876767397,0.0045230000105220824,0.005794099997729063
5730ab63396df91900096262,Imperialism,head-0.25,0,ok,35849,8962,8909,9004,35944,0.0,0.06451612903225806,False,False,pipeline-v2,0.0002589999930933118,0.0043409999925643206,0.005572599999140948
57309bfb8ab72b1400f9c5e7,Imperialism,head-0.25,0,ok,35849,8962,8909,9023,35963,0.0,0.0,False,False,pipeline-v2,0.00021989998640492558,0.004814300016732886,0.006150700006401166
5730b255396df919000962b0,Imperialism,head-0.25,0,ok,35849,8962,8909,9008,35948,0.0,0.0,False,False,pipeline-v2,0.00020260000019334257,0.004510500002652407,0.00573830000939779
573085ea8ab72b1400f9c550,Imperialism,head-0.25,0,ok,35849,8962,8909,8980,35920,0.0,0.8095238095238095,True,True,pipeline-v2,0.00019680001423694193,0.003972800011979416,0.005055899993749335
57273249f1498d1400e8f46e,Genghis_Khan,head-0.25,0,ok,41165,10291,10261,10414,41318,0.0,0.0,False,False,pipeline-v2,0.000225800002226606,0.006666700006462634,0.008677500009071082
572758c3dd62a815002e9b79,Genghis_Khan,head-0.25,0,ok,41165,10291,10261,10335,41239,0.0,0.05555555555555555,False,False,pipeline-v2,0.00023899998632259667,0.005201099993428215,0.006572499987669289
57273d06f1498d1400e8f4f9,Genghis_Khan,head-0.25,0,ok,41165,10291,10261,10355,41259,0.0,0.07142857142857142,False,False,pipeline-v2,0.00024009999469853938,0.005168100004084408,0.006906599999638274
5727580bf1498d1400e8f69a,Genghis_Khan,head-0.25,0,ok,41165,10291,10261,10389,41293,0.0,0.0,False,False,pipeline-v2,0.00022300001000985503,0.005578599986620247,0.007094100001268089
57273dccdd62a815002e99fb,Genghis_Khan,head-0.25,0,ok,41165,10291,10261,10376,41280,0.0,0.07407407407407407,False,False,pipeline-v2,0.0002361999941058457,0.00718279997818172,0.008978300000308082
5726ae32708984140094cdae,Genghis_Khan,head-0.25,0,ok,41165,10291,10261,10372,41276,0.0,0.23529411764705882,True,True,pipeline-v2,0.0002455000067129731,0.005789699993329123,0.007466799987014383
57272ce1f1498d1400e8f43d,Genghis_Khan,head-0.25,0,ok,41165,10291,10261,10369,41273,0.0,0.0,False,False,pipeline-v2,0.00022570000146515667,0.005670699989423156,0.007164600014220923
57269e8a5951b619008f77f7,Genghis_Khan,head-0.25,0,ok,41165,10291,10261,10373,41277,0.0,0.1,False,True,pipeline-v2,0.0003597000031732023,0.0052761000115424395,0.007071300002280623
5727515af1498d1400e8f63c,Genghis_Khan,head-0.25,0,ok,41165,10291,10261,10393,41297,0.0,0.0,False,False,pipeline-v2,0.00022100002388469875,0.0060400000074878335,0.007624799996847287
5726c0c5dd62a815002e8f7a,Genghis_Khan,head-0.25,0,ok,41165,10291,10261,10356,41260,0.0,0.0,False,False,pipeline-v2,0.00028130001737736166,0.005775500001618639,0.007329700019909069
57273c195951b619008f8722,American_Broadcasting_Company,head-0.25,0,ok,85500,21375,21142,21238,85596,0.0,0.0,False,False,pipeline-v2,0.0006685999978799373,0.011117199988802895,0.014446299988776445
5727448b5951b619008f87a3,American_Broadcasting_Company,head-0.25,0,ok,85500,21375,21142,21264,85622,0.0,0.0,False,True,pipeline-v2,0.00047259998973459005,0.01149269999586977,0.01454800000647083
57275f6ef1498d1400e8f708,American_Broadcasting_Company,head-0.25,0,ok,85500,21375,21142,21255,85613,0.0,0.0,False,True,pipeline-v2,0.000534399994648993,0.012338100001215935,0.01546799999778159
57267ca75951b619008f746b,American_Broadcasting_Company,head-0.25,0,ok,85500,21375,21142,21229,85587,0.0,0.0,False,True,pipeline-v2,0.0006615999736823142,0.011757300002500415,0.015151999978115782
57273c195951b619008f8723,American_Broadcasting_Company,head-0.25,0,ok,85500,21375,21142,21256,85614,0.0,0.0,False,False,pipeline-v2,0.0005523000145331025,0.012700099992798641,0.016141400003107265
57273d19708984140094db3f,American_Broadcasting_Company,head-0.25,0,ok,85500,21375,21142,21241,85599,0.0,0.0,False,False,pipeline-v2,0.0005305999948177487,0.01154020000831224,0.014432600000873208
5727436af1498d1400e8f55a,American_Broadcasting_Company,head-0.25,0,ok,85500,21375,21142,21231,85589,0.0,0.0,False,False,pipeline-v2,0.0004886999959126115,0.010598699998809025,0.013319099991349503
5726efdbdd62a815002e95c6,American_Broadcasting_Company,head-0.25,0,ok,85500,21375,21142,21215,85573,0.0,0.0,False,True,pipeline-v2,0.0009562000050209463,0.010958200000459328,0.014171799994073808
57273abef1498d1400e8f4dc,American_Broadcasting_Company,head-0.25,0,ok,85500,21375,21142,21242,85600,0.0,0.0,False,True,pipeline-v2,0.0005852000031154603,0.011874000017996877,0.014939599990611896
57273dbbf1498d1400e8f508,American_Broadcasting_Company,head-0.25,0,ok,85500,21375,21142,21239,85597,0.0,0.0,False,False,pipeline-v2,0.0008684000058565289,0.01259359999676235,0.01577330002328381
5730b776069b5314008322bd,United_Methodist_Church,head-0.25,0,ok,41518,10379,10295,10417,41640,0.0,0.0,False,False,pipeline-v2,0.0002443999983370304,0.006143400009023026,0.007756400009384379
5730982f396df919000961e5,United_Methodist_Church,head-0.25,0,ok,41518,10379,10295,10351,41574,0.0,0.425531914893617,True,True,pipeline-v2,0.00022539999918080866,0.004887699993560091,0.0061781000113114715
5730eb5b497a881900248a43,United_Methodist_Church,head-0.25,0,ok,41518,10379,10295,10377,41600,0.0,0.0,False,True,pipeline-v2,0.0003980000037699938,0.005195900012040511,0.006788099999539554
57309d31396df91900096213,United_Methodist_Church,head-0.25,0,ok,41518,10379,10295,10423,41646,0.0,0.6470588235294118,True,True,pipeline-v2,0.0002198000147473067,0.005793699994683266,0.007433899998432025
5730d523aca1c71400fe5b06,United_Methodist_Church,head-0.25,0,ok,41518,10379,10295,10406,41629,0.0,0.0,False,False,pipeline-v2,0.00023860001238062978,0.005684700008714572,0.007216099998913705
5730b07c8ab72b1400f9c697,United_Methodist_Church,head-0.25,0,ok,41518,10379,10295,10400,41623,0.0,0.0,False,False,pipeline-v2,0.00022230000467970967,0.005623700009891763,0.007106400007614866
57309d31396df91900096210,United_Methodist_Church,head-0.25,0,ok,41518,10379,10295,10414,41637,0.0,0.09302325581395349,True,True,pipeline-v2,0.0002620000159367919,0.005852999980561435,0.007469100004527718
5730bf03069b5314008322ed,United_Methodist_Church,head-0.25,0,ok,41518,10379,10295,10402,41625,0.0,0.0,False,False,pipeline-v2,0.000231999991228804,0.005233800009591505,0.006666300003416836
57309cd6069b5314008321c3,United_Methodist_Church,head-0.25,0,ok,41518,10379,10295,10403,41626,0.0,0.5555555555555556,True,True,pipeline-v2,0.0002725000085774809,0.006217799993464723,0.007779000006848946
5730b2ac2461fd1900a9cfb5,United_Methodist_Church,head-0.25,0,ok,41518,10379,10295,10412,41635,0.0,0.0,False,False,pipeline-v2,0.0002154999820049852,0.006123800005298108,0.007737999985693023
5733f7b9d058e614000b66a9,French_and_Indian_War,head-0.25,0,ok,36348,9087,9075,9170,36443,0.0,0.08695652173913043,True,True,pipeline-v2,0.0002196999848820269,0.00534120001248084,0.006639999977778643
5733fd66d058e614000b6735,French_and_Indian_War,head-0.25,0,ok,36348,9087,9075,9159,36432,0.0,0.0,False,False,pipeline-v2,0.00019489999976940453,0.004353700001956895,0.005486600013682619
57340d124776f419006617c3,French_and_Indian_War,head-0.25,0,ok,36348,9087,9075,9182,36455,0.0,0.0,False,True,pipeline-v2,0.0001931999868247658,0.0049374999944120646,0.006158499978482723
5733f410d058e614000b6665,French_and_Indian_War,head-0.25,0,ok,36348,9087,9075,9158,36431,0.0,0.06060606060606061,False,False,pipeline-v2,0.0002145000034943223,0.0043304999999236315,0.00548930000513792
5733f7b9d058e614000b66ab,French_and_Indian_War,head-0.25,0,ok,36348,9087,9075,9176,36449,0.0,0.05405405405405406,False,False,pipeline-v2,0.00019229997997172177,0.004685199994128197,0.006137699994724244
5733f9fa4776f4190066161f,French_and_Indian_War,head-0.25,0,ok,36348,9087,9075,9140,36413,0.0,0.0,False,True,pipeline-v2,0.0001999999803956598,0.0038554999919142574,0.004891999997198582
5733dab4d058e614000b640b,French_and_Indian_War,head-0.25,0,ok,36348,9087,9075,9143,36416,0.0,0.03571428571428571,False,True,pipeline-v2,0.0001888000115286559,0.003858799987938255,0.004916300007607788
5734025d4776f419006616c5,French_and_Indian_War,head-0.25,0,ok,36348,9087,9075,9147,36420,0.0,0.0,False,False,pipeline-v2,0.00019099999917671084,0.004322000022511929,0.005410600017057732
5733f9fa4776f41900661621,French_and_Indian_War,head-0.25,0,ok,36348,9087,9075,9165,36438,0.0,0.13953488372093023,False,False,pipeline-v2,0.00019359998987056315,0.004218599991872907,0.005346599995391443
57340a094776f4190066177d,French_and_Indian_War,head-0.25,0,ok,36348,9087,9075,9160,36433,0.0,0.0,False,False,pipeline-v2,0.000277700019069016,0.004375299991806969,0.005915000016102567
572944e03f37b319004781e2,Intergovernmental_Panel_on_Climate_Change,head-0.25,0,ok,19100,4775,4725,4813,19188,0.0,0.0,False,False,pipeline-v2,0.00012829998740926385,0.00222690001828596,0.002878600003896281
57293bc91d0469140077919d,Intergovernmental_Panel_on_Climate_Change,head-0.25,0,ok,19100,4775,4725,4795,19170,0.0,0.24,True,True,pipeline-v2,0.00019230000907555223,0.0024446999887004495,0.003177900012815371
572943ab1d0469140077921b,Intergovernmental_Panel_on_Climate_Change,head-0.25,0,ok,19100,4775,4725,4823,19198,0.0,0.0,False,False,pipeline-v2,0.0001218999968841672,0.0021278999920468777,0.0027728000131901354
5729517d6aef051400154cca,Intergovernmental_Panel_on_Climate_Change,head-0.25,0,ok,19100,4775,4725,4814,19189,0.0,0.09090909090909091,True,True,pipeline-v2,0.00011679998715408146,0.0022456000151578337,0.002898500009905547
57294baaaf94a219006aa26b,Intergovernmental_Panel_on_Climate_Change,head-0.25,0,ok,19100,4775,4725,4822,19197,0.0,0.23076923076923078,False,False,pipeline-v2,0.00022360001457855105,0.002491500024916604,0.0032731000101193786
57294279af94a219006aa20b,Intergovernmental_Panel_on_Climate_Change,head-0.25,0,ok,19100,4775,4725,4814,19189,0.0,0.0,False,False,pipeline-v2,0.00011890000314451754,0.0021915999823249876,0.0028295000083744526
572951f16aef051400154cce,Intergovernmental_Panel_on_Climate_Change,head-0.25,0,ok,19100,4775,4725,4819,19194,0.0,0.0,False,False,pipeline-v2,0.00012290000449866056,0.002238900022348389,0.0030143999902065843
5729506d6aef051400154cac,Intergovernmental_Panel_on_Climate_Change,head-0.25,0,ok,19100,4775,4725,4880,19255,0.0,0.0,False,False,pipeline-v2,0.0001328999933321029,0.002744099998380989,0.003529500012518838
57293e221d046914007791d5,Intergovernmental_Panel_on_Climate_Change,head-0.25,0,ok,19100,4775,4725,4863,19238,0.0,0.32558139534883723,True,True,pipeline-v2,0.0001511000155005604,0.002709699998376891,0.003532000002451241
57293ca73f37b3190047815c,Intergovernmental_Panel_on_Climate_Change,head-0.25,0,ok,19100,4775,4725,4793,19168,0.0,0.13043478260869565,False,True,pipeline-v2,0.00012020001304335892,0.002163600001949817,0.002784700016491115
57286010ff5b5019007da1cc,University_of_Chicago,neighbor1-0.75,0,ok,31983,23987,23987,24091,32087,0.0,0.2222222222222222,True,True,pipeline-v2,0.0001703999878372997,0.005631700012600049,0.00830869999481365
572872dd2ca10214002da37e,University_of_Chicago,neighbor1-0.75,0,ok,31983,23987,23986,24056,32053,0.0,0.0,False,False,pipeline-v2,0.0001863999932538718,0.005443300004117191,0.007928999984869733
57286010ff5b5019007da1cd,University_of_Chicago,neighbor1-0.75,0,ok,31983,23987,23985,24051,32049,0.0,0.13333333333333333,True,True,pipeline-v2,0.00017919999663718045,0.00523310000426136,0.0079087000049185
57283db6ff5b5019007d9fbe,University_of_Chicago,neighbor1-0.75,0,ok,31983,23987,23985,24090,32088,0.0,0.42105263157894735,True,True,pipeline-v2,0.00018999999156221747,0.005664600001182407,0.008494499983498827
572847ff3acd2414000df869,University_of_Chicago,neighbor1-0.75,0,ok,31983,23987,23987,24088,32084,0.0,0.0,False,True,pipeline-v2,0.00018989999080076814,0.006174799986183643,0.008918899984564632
572870b2ff5b5019007da222,University_of_Chicago,neighbor1-0.75,0,ok,31983,23987,23987,24112,32108,0.0,0.21052631578947367,True,True,pipeline-v2,0.00022190000163391232,0.0061787000158801675,0.00897100000292994
572843304b864d190016484b,University_of_Chicago,neighbor1-0.75,0,ok,31983,23987,23983,24054,32054,0.0,0.3333333333333333,True,True,pipeline-v2,0.00022149999858811498,0.005491099989740178,0.008127199980663136
57284142ff5b5019007da00a,University_of_Chicago,neighbor1-0.75,0,ok,31983,23987,23987,24073,32069,0.0,0.0,False,True,pipeline-v2,0.00018620002083480358,0.0056372000253759325,0.0086717999947723
57285213ff5b5019007da182,University_of_Chicago,neighbor1-0.75,0,ok,31983,23987,23986,24081,32078,0.0,0.0,False,True,pipeline-v2,0.00020209999638609588,0.005765899986727163,0.008548499987227842
57286ec63acd2414000df9d3,University_of_Chicago,neighbor1-0.75,0,ok,31983,23987,23983,24084,32084,0.0,0.0,False,True,pipeline-v2,0.00017869999282993376,0.005603600002359599,0.008238900016294792
57287e512ca10214002da3fb,Yuan_dynasty,neighbor1-0.75,0,ok,45620,34215,34201,34281,45700,0.0,0.13333333333333333,True,True,pipeline-v2,0.0002945000014733523,0.011662000004434958,0.01603980001527816
572879574b864d1900164a14,Yuan_dynasty,neighbor1-0.75,0,ok,45620,34215,34215,34312,45717,0.0,0.18181818181818182,True,True,pipeline-v2,0.00025770001229830086,0.012072899990016595,0.01663970001391135
57287b4a4b864d1900164a28,Yuan_dynasty,neighbor1-0.75,0,ok,45620,34215,34191,34286,45715,0.0,0.16666666666666666,True,True,pipeline-v2,0.0002594000252429396,0.011676900001475587,0.016322400013450533
572860e03acd2414000df979,Yuan_dynasty,neighbor1-0.75,0,ok,45620,34215,34210,34279,45689,0.0,0.0,False,True,pipeline-v2,0.00029570001061074436,0.012959100014995784,0.01738360000308603
572885c44b864d1900164a7a,Yuan_dynasty,neighbor1-0.75,0,ok,45620,34215,34181,34257,45696,0.0,0.0,False,True,pipeline-v2,0.0002389000146649778,0.011330100009217858,0.015513299993472174
572872822ca10214002da375,Yuan_dynasty,neighbor1-0.75,0,ok,45620,34215,34175,34285,45730,0.0,0.0,False,True,pipeline-v2,0.00028979999478906393,0.012105500005418435,0.017113399982918054
57288428ff5b5019007da292,Yuan_dynasty,neighbor1-0.75,0,ok,45620,34215,34205,34277,45692,0.0,0.26666666666666666,True,True,pipeline-v2,0.0002682000049389899,0.011721399991074577,0.016187300003366545
5728809f2ca10214002da40d,Yuan_dynasty,neighbor1-0.75,0,ok,45620,34215,34208,34275,45687,0.0,0.6153846153846154,True,True,pipeline-v2,0.00024599998141638935,0.010719699988840148,0.014973299985285848
57287f6a3acd2414000dfa55,Yuan_dynasty,neighbor1-0.75,0,ok,45620,34215,34215,34307,45712,0.0,0.09090909090909091,True,True,pipeline-v2,0.0002724000078160316,0.012341999972704798,0.016975600010482594
572860e03acd2414000df977,Yuan_dynasty,neighbor1-0.75,0,ok,45620,34215,34211,34300,45709,0.0,0.0,False,True,pipeline-v2,0.0002665999927558005,0.01220540000940673,0.017074600007617846
5729f799af94a219006aa70a,Immune_system,neighbor1-0.75,0,ok,41014,30760,30750,30853,41117,0.0,0.0,False,True,pipeline-v2,0.000218700006371364,0.010050399985630065,0.013749500008998439
5726f8abf1498d1400e8f166,Immune_system,neighbor1-0.75,0,ok,41014,30760,30759,30849,41104,0.0,0.7,True,True,pipeline-v2,0.0002175999979954213,0.010235199995804578,0.014015199994901195
5729f69caf94a219006aa6fb,Immune_system,neighbor1-0.75,0,ok,41014,30760,30734,30872,41152,0.0,0.10526315789473684,True,True,pipeline-v2,0.0002519999979995191,0.011104200006229803,0.015723199991043657
5729f1fcaf94a219006aa6d6,Immune_system,neighbor1-0.75,0,ok,41014,30760,30734,30862,41142,0.0,0.24242424242424243,True,True,pipeline-v2,0.00021849997574463487,0.010678899998310953,0.014919499983079731
5729f4b41d0469140077968d,Immune_system,neighbor1-0.75,0,ok,41014,30760,30746,30890,41158,0.0,0.11764705882352941,True,True,pipeline-v2,0.00023020000662654638,0.01153119999798946,0.016063899995060638
572900f73f37b31900477f6b,Immune_system,neighbor1-0.75,0,ok,41014,30760,30760,30878,41132,0.0,0.3333333333333333,True,True,pipeline-v2,0.00046779998228885233,0.01005720000830479,0.014488899993011728
572a07fc6aef0514001551dc,Immune_system,neighbor1-0.75,0,ok,41014,30760,30758,30871,41127,0.0,0.6666666666666666,True,True,pipeline-v2,0.0002744999947026372,0.01016679999884218,0.014157800003886223
572a12386aef051400155237,Immune_system,neighbor1-0.75,0,ok,41014,30760,30758,30887,41143,0.0,0.2857142857142857,True,True,pipeline-v2,0.00032580000697635114,0.010569200007012114,0.014723400003276765
5728f7774b864d1900165132,Immune_system,neighbor1-0.75,0,ok,41014,30760,30759,30868,41123,0.0,0.2,True,True,pipeline-v2,0.0002531000063754618,0.010519200004637241,0.01521620000130497
5728f6446aef0514001548e4,Immune_system,neighbor1-0.75,0,ok,41014,30760,30756,30856,41114,0.0,0.46153846153846156,True,True,pipeline-v2,0.0002511999919079244,0.010316400002921,0.014437100006034598
57292449af94a219006aa0df,Kenya,neighbor1-0.75,0,ok,40122,30091,30090,30169,40201,0.0,0.4,True,True,pipeline-v2,0.0002885999856516719,0.015010300005087629,0.019789199985098094
5728fa576aef051400154922,Kenya,neighbor1-0.75,0,ok,40122,30091,30091,30163,40194,0.0,0.2,True,True,pipeline-v2,0.0017814000020734966,0.018122600013157353,0.023889699979918078
572918bd3f37b31900478018,Kenya,neighbor1-0.75,0,ok,40122,30091,30083,30173,40212,0.0,0.25,True,True,pipeline-v2,0.00020870001753792167,0.013972199987620115,0.01791270001558587
572913626aef051400154a30,Kenya,neighbor1-0.75,0,ok,40122,30091,30077,30155,40200,0.0,0.7857142857142857,True,True,pipeline-v2,0.0002592999953776598,0.014820299984421581,0.01879279999411665
572929d56aef051400154b0b,Kenya,neighbor1-0.75,0,ok,40122,30091,30091,30163,40194,0.0,0.7333333333333333,True,True,pipeline-v2,0.0005068999889772385,0.012651199998799711,0.016775600000983104
57291a7b1d04691400779040,Kenya,neighbor1-0.75,0,ok,40122,30091,30089,30162,40195,0.0,0.48,True,True,pipeline-v2,0.00022190000163391232,0.010606600000755861,0.01415830000769347
572906e23f37b31900477f8e,Kenya,neighbor1-0.75,0,ok,40122,30091,30090,30161,40193,0.0,0.5161290322580645,True,True,pipeline-v2,0.00022029998945072293,0.010961899999529123,0.014756299991859123
57291fb4af94a219006aa0b5,Kenya,neighbor1-0.75,0,ok,40122,30091,30089,30180,40213,0.0,0.42105263157894735,True,True,pipeline-v2,0.0002531999780330807,0.010502100019948557,0.014376199978869408
572926653f37b3190047807d,Kenya,neighbor1-0.75,0,ok,40122,30091,30082,30151,40191,0.0,0.08333333333333333,False,False,pipeline-v2,0.00021070000366307795,0.009424599993508309,0.012702300009550527
572903d96aef0514001549a7,Kenya,neighbor1-0.75,0,ok,40122,30091,30090,30185,40217,0.0,0.18181818181818182,True,True,pipeline-v2,0.00024359999224543571,0.010989200003677979,0.015031499991891906
5730b4282461fd1900a9cfc7,Imperialism,neighbor1-0.75,0,ok,35849,26886,26859,26956,35946,0.0,0.25806451612903225,True,True,pipeline-v2,0.00023780000628903508,0.00849999999627471,0.011679800023557618
573062662461fd1900a9cdf7,Imperialism,neighbor1-0.75,0,ok,35849,26886,26877,26960,35932,0.0,0.11764705882352941,True,True,pipeline-v2,0.0002401999954599887,0.008199399977456778,0.011370299995178357
5730876a396df9190009617e,Imperialism,neighbor1-0.75,0,ok,35849,26886,26884,26973,35938,0.0,0.06451612903225806,True,True,pipeline-v2,0.00021490000654011965,0.007924200006527826,0.011561500024981797
573092088ab72b1400f9c595,Imperialism,neighbor1-0.75,0,ok,35849,26886,26866,26958,35941,0.0,0.23529411764705882,True,True,pipeline-v2,0.00019040002371184528,0.00825560002704151,0.011436800006777048
5730876a396df9190009617b,Imperialism,neighbor1-0.75,0,ok,35849,26886,26886,26976,35939,0.0,0.05405405405405406,False,True,pipeline-v2,0.00021150000975467265,0.007601899997098371,0.011017400014679879
573083dc2461fd1900a9ce70,Imperialism,neighbor1-0.75,0,ok,35849,26886,26885,26990,35954,0.0,0.0,False,True,pipeline-v2,0.00019230000907555223,0.007731200021225959,0.011262999993050471
5730ab63396df91900096262,Imperialism,neighbor1-0.75,0,ok,35849,26886,26876,26971,35944,0.0,0.1276595744680851,True,True,pipeline-v2,0.00031540001509711146,0.00772649998543784,0.010875200008740649
57309bfb8ab72b1400f9c5e7,Imperialism,neighbor1-0.75,0,ok,35849,26886,26884,26998,35963,0.0,0.08,False,True,pipeline-v2,0.0002136999974027276,0.008128599991323426,0.011522999993758276
5730b255396df919000962b0,Imperialism,neighbor1-0.75,0,ok,35849,26886,26871,26970,35948,0.0,0.25,True,True,pipeline-v2,0.00021749999723397195,0.007231800002045929,0.01025569997727871
573085ea8ab72b1400f9c550,Imperialism,neighbor1-0.75,0,ok,35849,26886,26863,26934,35920,0.0,0.8095238095238095,True,True,pipeline-v2,0.00019389999215491116,0.007211099989945069,0.01009699999121949
57273249f1498d1400e8f46e,Genghis_Khan,neighbor1-0.75,0,ok,41165,30873,30861,31014,41318,0.0,0.05714285714285714,True,True,pipeline-v2,0.00025779998395591974,0.01082319999113679,0.015484699979424477
572758c3dd62a815002e9b79,Genghis_Khan,neighbor1-0.75,0,ok,41165,30873,30872,30946,41239,0.0,0.5679012345679012,True,True,pipeline-v2,0.00021019999985583127,0.009431399987079203,0.013004800013732165
57273d06f1498d1400e8f4f9,Genghis_Khan,neighbor1-0.75,0,ok,41165,30873,30858,30952,41259,0.0,0.19047619047619047,True,True,pipeline-v2,0.00020859998767264187,0.00981719998526387,0.013520799984689802
5727580bf1498d1400e8f69a,Genghis_Khan,neighbor1-0.75,0,ok,41165,30873,30870,30998,41293,0.0,0.1,True,True,pipeline-v2,0.00022310001077130437,0.010295099986251444,0.014939199987566099
57273dccdd62a815002e99fb,Genghis_Khan,neighbor1-0.75,0,ok,41165,30873,30867,30982,41280,0.0,0.20833333333333334,True,True,pipeline-v2,0.00021639998885802925,0.010240300005534664,0.014599099988117814
5726ae32708984140094cdae,Genghis_Khan,neighbor1-0.75,0,ok,41165,30873,30860,30971,41276,0.0,0.23529411764705882,True,True,pipeline-v2,0.00025740001001395285,0.010252899985061958,0.014871300023514777
57272ce1f1498d1400e8f43d,Genghis_Khan,neighbor1-0.75,0,ok,41165,30873,30870,30978,41273,0.0,0.21052631578947367,True,True,pipeline-v2,0.00020909999147988856,0.010043000016594306,0.014260900003137067
57269e8a5951b619008f77f7,Genghis_Khan,neighbor1-0.75,0,ok,41165,30873,30863,30975,41277,0.0,0.05714285714285714,False,True,pipeline-v2,0.00021040000137872994,0.01002460002200678,0.014045399992028251
5727515af1498d1400e8f63c,Genghis_Khan,neighbor1-0.75,0,ok,41165,30873,30846,30978,41297,0.0,0.07142857142857142,True,True,pipeline-v2,0.0002626999921631068,0.01054620000650175,0.014951599994674325
5726c0c5dd62a815002e8f7a,Genghis_Khan,neighbor1-0.75,0,ok,41165,30873,30860,30955,41260,0.0,0.13793103448275862,True,True,pipeline-v2,0.00025690000620670617,0.010003100003814325,0.013905600004363805
57273c195951b619008f8722,American_Broadcasting_Company,neighbor1-0.75,0,ok,85500,64125,64124,64220,85596,0.0,0.0,False,True,pipeline-v2,0.0004997999931219965,0.02531640001689084,0.03307579999091104
5727448b5951b619008f87a3,American_Broadcasting_Company,neighbor1-0.75,0,ok,85500,64125,64125,64247,85622,0.0,0.031746031746031744,True,True,pipeline-v2,0.000520200002938509,0.024853099981555715,0.03329329998814501
57275f6ef1498d1400e8f708,American_Broadcasting_Company,neighbor1-0.75,0,ok,85500,64125,64123,64236,85613,0.0,0.13333333333333333,True,True,pipeline-v2,0.0005758999905083328,0.026298999990103766,0.03591720000258647
57267ca75951b619008f746b,American_Broadcasting_Company,neighbor1-0.75,0,ok,85500,64125,64123,64210,85587,0.0,0.0,False,True,pipeline-v2,0.0004996999923605472,0.026202700013527647,0.03475369999068789
57273c195951b619008f8723,American_Broadcasting_Company,neighbor1-0.75,0,ok,85500,64125,64124,64238,85614,0.0,0.0,False,True,pipeline-v2,0.0004112000169698149,0.02730429999064654,0.03517740001552738
57273d19708984140094db3f,American_Broadcasting_Company,neighbor1-0.75,0,ok,85500,64125,64123,64222,85599,0.0,0.19047619047619047,True,True,pipeline-v2,0.00042630001553334296,0.026450199977261946,0.03393210002104752
5727436af1498d1400e8f55a,American_Broadcasting_Company,neighbor1-0.75,0,ok,85500,64125,64125,64214,85589,0.0,0.047619047619047616,True,True,pipeline-v2,0.0005241000035312027,0.02438570000231266,0.03195820000837557
5726efdbdd62a815002e95c6,American_Broadcasting_Company,neighbor1-0.75,0,ok,85500,64125,64124,64197,85573,0.0,0.0,False,True,pipeline-v2,0.00041760000749491155,0.024734699982218444,0.03180689999135211
57273abef1498d1400e8f4dc,American_Broadcasting_Company,neighbor1-0.75,0,ok,85500,64125,64124,64224,85600,0.0,0.18181818181818182,True,True,pipeline-v2,0.00047229998745024204,0.02502000000094995,0.03245119997882284
57273dbbf1498d1400e8f508,American_Broadcasting_Company,neighbor1-0.75,0,ok,85500,64125,64125,64222,85597,0.0,0.2222222222222222,True,True,pipeline-v2,0.0003800000122282654,0.025673900003312156,0.033409299998311326
5730b776069b5314008322bd,United_Methodist_Church,neighbor1-0.75,0,ok,41518,31138,31137,31259,41640,0.0,0.09090909090909091,True,True,pipeline-v2,0.0002327999973203987,0.01058169998577796,0.014754899981198832
5730982f396df919000961e5,United_Methodist_Church,neighbor1-0.75,0,ok,41518,31138,31137,31193,41574,0.0,0.0,False,True,pipeline-v2,0.00021769999875687063,0.00987339997664094,0.013111799984471872
5730eb5b497a881900248a43,United_Methodist_Church,neighbor1-0.75,0,ok,41518,31138,31137,31219,41600,0.0,0.18181818181818182,True,True,pipeline-v2,0.0002324000233784318,0.010293499974068254,0.013848400005372241
57309d31396df91900096213,United_Methodist_Church,neighbor1-0.75,0,ok,41518,31138,31136,31264,41646,0.0,0.6470588235294118,True,True,pipeline-v2,0.00021389999892562628,0.011381899996194988,0.015585999994073063
5730d523aca1c71400fe5b06,United_Methodist_Church,neighbor1-0.75,0,ok,41518,31138,31138,31249,41629,0.0,0.21428571428571427,True,True,pipeline-v2,0.0002339000056963414,0.01056980001158081,0.014490600005956367
5730b07c8ab72b1400f9c697,United_Methodist_Church,neighbor1-0.75,0,ok,41518,31138,31137,31242,41623,0.0,0.11428571428571428,True,True,pipeline-v2,0.00024199998006224632,0.010434700001496822,0.01431819997378625
57309d31396df91900096210,United_Methodist_Church,neighbor1-0.75,0,ok,41518,31138,31136,31255,41637,0.0,0.09302325581395349,True,True,pipeline-v2,0.00023849998251534998,0.010138500016182661,0.013915999996243045
5730bf03069b5314008322ed,United_Methodist_Church,neighbor1-0.75,0,ok,41518,31138,31138,31245,41625,0.0,0.14814814814814814,True,True,pipeline-v2,0.00024359999224543571,0.01049129999591969,0.014391000004252419
57309cd6069b5314008321c3,United_Methodist_Church,neighbor1-0.75,0,ok,41518,31138,31138,31246,41626,0.0,0.5555555555555556,True,True,pipeline-v2,0.0004067000118084252,0.010928900010185316,0.014927599986549467
5730b2ac2461fd1900a9cfb5,United_Methodist_Church,neighbor1-0.75,0,ok,41518,31138,31138,31255,41635,0.0,0.21621621621621623,True,True,pipeline-v2,0.0002575000107754022,0.010820800001965836,0.014828500017756596
5733f7b9d058e614000b66a9,French_and_Indian_War,neighbor1-0.75,0,ok,36348,27261,27249,27344,36443,0.0,0.08695652173913043,True,True,pipeline-v2,0.00021890000789426267,0.008299199980683625,0.011716000008163974
5733fd66d058e614000b6735,French_and_Indian_War,neighbor1-0.75,0,ok,36348,27261,27261,27345,36432,0.0,0.11764705882352941,True,True,pipeline-v2,0.00019799999427050352,0.008134300005622208,0.011197200015885755
57340d124776f419006617c3,French_and_Indian_War,neighbor1-0.75,0,ok,36348,27261,27260,27367,36455,0.0,0.03636363636363636,False,True,pipeline-v2,0.00021290002041496336,0.008151299989549443,0.011672900000121444
5733f410d058e614000b6665,French_and_Indian_War,neighbor1-0.75,0,ok,36348,27261,27254,27337,36431,0.0,0.8387096774193549,True,True,pipeline-v2,0.0002724000078160316,0.00788509999983944,0.011120000010123476
5733f7b9d058e614000b66ab,French_and_Indian_War,neighbor1-0.75,0,ok,36348,27261,27257,27358,36449,0.0,0.3333333333333333,True,True,pipeline-v2,0.00021019999985583127,0.008392599993385375,0.01174919999903068
5733f9fa4776f4190066161f,French_and_Indian_War,neighbor1-0.75,0,ok,36348,27261,27233,27298,36413,0.0,0.0,False,True,pipeline-v2,0.0001951000012923032,0.007603500009281561,0.01050750000285916
5733dab4d058e614000b640b,French_and_Indian_War,neighbor1-0.75,0,ok,36348,27261,27236,27304,36416,0.0,0.0,False,True,pipeline-v2,0.00022040001931600273,0.007630000007338822,0.010738500015577301
5734025d4776f419006616c5,French_and_Indian_War,neighbor1-0.75,0,ok,36348,27261,27261,27333,36420,0.0,0.5714285714285714,True,True,pipeline-v2,0.00023689999943599105,0.0078778000024613,0.010992800001986325
5733f9fa4776f41900661621,French_and_Indian_War,neighbor1-0.75,0,ok,36348,27261,27256,27346,36438,0.0,0.6666666666666666,True,True,pipeline-v2,0.00020279997261241078,0.007877900003222749,0.011016199976438656
57340a094776f4190066177d,French_and_Indian_War,neighbor1-0.75,0,ok,36348,27261,27254,27339,36433,0.0,0.0,False,True,pipeline-v2,0.00021970001398585737,0.007974099979037419,0.011152600025525317
572944e03f37b319004781e2,Intergovernmental_Panel_on_Climate_Change,neighbor1-0.75,0,ok,19100,14325,14318,14406,19188,0.0,0.09090909090909091,True,True,pipeline-v2,0.00016450000111944973,0.003675000014482066,0.0054182000167202204
57293bc91d0469140077919d,Intergovernmental_Panel_on_Climate_Change,neighbor1-0.75,0,ok,19100,14325,14325,14395,19170,0.0,0.24,True,True,pipeline-v2,0.00012660000356845558,0.0035173000069335103,0.005170199990971014
572943ab1d0469140077921b,Intergovernmental_Panel_on_Climate_Change,neighbor1-0.75,0,ok,19100,14325,14324,14422,19198,0.0,0.0,False,True,pipeline-v2,0.00012280000373721123,0.0033742999949026853,0.005027300008805469
5729517d6aef051400154cca,Intergovernmental_Panel_on_Climate_Change,neighbor1-0.75,0,ok,19100,14325,14320,14409,19189,0.0,0.0,False,True,pipeline-v2,0.00013139998191036284,0.0032390000123996288,0.0049251999880652875
57294baaaf94a219006aa26b,Intergovernmental_Panel_on_Climate_Change,neighbor1-0.75,0,ok,19100,14325,14318,14415,19197,0.0,0.3728813559322034,True,True,pipeline-v2,0.00018580001778900623,0.003402500005904585,0.00522120000096038
57294279af94a219006aa20b,Intergovernmental_Panel_on_Climate_Change,neighbor1-0.75,0,ok,19100,14325,14307,14396,19189,0.0,0.1875,False,False,pipeline-v2,0.00016009999671950936,0.0036567000206559896,0.005410300014773384
572951f16aef051400154cce,Intergovernmental_Panel_on_Climate_Change,neighbor1-0.75,0,ok,19100,14325,14323,14417,19194,0.0,0.05714285714285714,True,True,pipeline-v2,0.00013000000035390258,0.003380399983143434,0.005153899983270094
5729506d6aef051400154cac,Intergovernmental_Panel_on_Climate_Change,neighbor1-0.75,0,ok,19100,14325,14325,14480,19255,0.0,0.08695652173913043,True,True,pipeline-v2,0.00013029997353442013,0.004223800002364442,0.006139899982372299
57293e221d046914007791d5,Intergovernmental_Panel_on_Climate_Change,neighbor1-0.75,0,ok,19100,14325,14324,14462,19238,0.0,0.32558139534883723,True,True,pipeline-v2,0.00012770001194439828,0.003822700004093349,0.005757200007792562
57293ca73f37b3190047815c,Intergovernmental_Panel_on_Climate_Change,neighbor1-0.75,0,ok,19100,14325,14323,14391,19168,0.0,0.13043478260869565,False,True,pipeline-v2,0.00019160000374540687,0.0033321999944746494,0.005346700025256723
57286010ff5b5019007da1cc,University_of_Chicago,neighbor1-0.5,0,ok,31983,15991,15991,16095,32087,0.0,0.2222222222222222,True,True,pipeline-v2,0.0001962999813258648,0.005631200008792803,0.007557199976872653
572872dd2ca10214002da37e,University_of_Chicago,neighbor1-0.5,0,ok,31983,15991,15989,16059,32053,0.0,0.0,False,False,pipeline-v2,0.00018119998276233673,0.005410300014773384,0.00731469999300316
57286010ff5b5019007da1cd,University_of_Chicago,neighbor1-0.5,0,ok,31983,15991,15991,16057,32049,0.0,0.13333333333333333,True,True,pipeline-v2,0.00020670000230893493,0.004800900002010167,0.00648939999518916
57283db6ff5b5019007d9fbe,University_of_Chicago,neighbor1-0.5,0,ok,31983,15991,15990,16095,32088,0.0,0.42105263157894735,True,True,pipeline-v2,0.0001936000189743936,0.005439900007331744,0.007873099995777011
572847ff3acd2414000df869,University_of_Chicago,neighbor1-0.5,0,ok,31983,15991,15987,16088,32084,0.0,0.0,False,True,pipeline-v2,0.0001795999996829778,0.005589500011410564,0.007513000018661842
572870b2ff5b5019007da222,University_of_Chicago,neighbor1-0.5,0,ok,31983,15991,15991,16116,32108,0.0,0.21052631578947367,True,True,pipeline-v2,0.0001875000016298145,0.006417399999918416,0.008616699982667342
572843304b864d190016484b,University_of_Chicago,neighbor1-0.5,0,ok,31983,15991,15991,16062,32054,0.0,0.3333333333333333,True,True,pipeline-v2,0.00021749999723397195,0.005364800017559901,0.007144899980630726
57284142ff5b5019007da00a,University_of_Chicago,neighbor1-0.5,0,ok,31983,15991,15991,16077,32069,0.0,0.0,False,True,pipeline-v2,0.00018360000103712082,0.005231399991316721,0.007140600006096065
57285213ff5b5019007da182,University_of_Chicago,neighbor1-0.5,0,ok,31983,15991,15990,16085,32078,0.0,0.0,False,True,pipeline-v2,0.00019880000036209822,0.005424500006483868,0.007712299993727356
57286ec63acd2414000df9d3,University_of_Chicago,neighbor1-0.5,0,ok,31983,15991,15991,16092,32084,0.0,0.0,False,True,pipeline-v2,0.00019940000493079424,0.005142799986060709,0.006970699992962182
57287e512ca10214002da3fb,Yuan_dynasty,neighbor1-0.5,0,ok,45620,22810,22785,22865,45700,0.0,0.13333333333333333,True,True,pipeline-v2,0.00024580000899732113,0.01003330000094138,0.012849699996877462
572879574b864d1900164a14,Yuan_dynasty,neighbor1-0.5,0,ok,45620,22810,22793,22890,45717,0.0,0.18181818181818182,True,True,pipeline-v2,0.0002604000037536025,0.01103510000393726,0.014395700010936707
57287b4a4b864d1900164a28,Yuan_dynasty,neighbor1-0.5,0,ok,45620,22810,22779,22874,45715,0.0,0.16666666666666666,True,True,pipeline-v2,0.00029039999935775995,0.010794200003147125,0.013864300010027364
572860e03acd2414000df979,Yuan_dynasty,neighbor1-0.5,0,ok,45620,22810,22791,22860,45689,0.0,0.0,False,True,pipeline-v2,0.00023899998632259667,0.010065699985716492,0.012827600003220141
572885c44b864d1900164a7a,Yuan_dynasty,neighbor1-0.5,0,ok,45620,22810,22792,22868,45696,0.0,0.0,False,True,pipeline-v2,0.0002758000046014786,0.010345499991672114,0.013193299993872643
572872822ca10214002da375,Yuan_dynasty,neighbor1-0.5,0,ok,45620,22810,22804,22914,45730,0.0,0.0,False,True,pipeline-v2,0.000288500013994053,0.011216400016564876,0.015080699988175184
57288428ff5b5019007da292,Yuan_dynasty,neighbor1-0.5,0,ok,45620,22810,22806,22878,45692,0.0,0.26666666666666666,True,True,pipeline-v2,0.0002452000044286251,0.012041899986797944,0.015264399989973754
5728809f2ca10214002da40d,Yuan_dynasty,neighbor1-0.5,0,ok,45620,22810,22772,22839,45687,0.0,0.6153846153846154,True,True,pipeline-v2,0.0002823999966494739,0.009677299996837974,0.012500099983299151
57287f6a3acd2414000dfa55,Yuan_dynasty,neighbor1-0.5,0,ok,45620,22810,22788,22880,45712,0.0,0.09090909090909091,True,True,pipeline-v2,0.00024029999622143805,0.01055489998543635,0.013531100004911423
572860e03acd2414000df977,Yuan_dynasty,neighbor1-0.5,0,ok,45620,22810,22780,22869,45709,0.0,0.0,False,True,pipeline-v2,0.0002489000034984201,0.010520199983147904,0.01345880000735633
5729f799af94a219006aa70a,Immune_system,neighbor1-0.5,0,ok,41014,20507,20505,20608,41117,0.0,0.0,False,True,pipeline-v2,0.0002263000060338527,0.008867100026691332,0.011410100007196888
5726f8abf1498d1400e8f166,Immune_system,neighbor1-0.5,0,ok,41014,20507,20507,20597,41104,0.0,0.7,True,True,pipeline-v2,0.0002494000073056668,0.010395700024673715,0.012994299991987646
5729f69caf94a219006aa6fb,Immune_system,neighbor1-0.5,0,ok,41014,20507,20495,20633,41152,0.0,0.10526315789473684,True,True,pipeline-v2,0.00026309999520890415,0.009816300007514656,0.012842099997214973
5729f1fcaf94a219006aa6d6,Immune_system,neighbor1-0.5,0,ok,41014,20507,20505,20633,41142,0.0,0.24242424242424243,True,True,pipeline-v2,0.0002488000027369708,0.009241399995516986,0.012431700015440583
5729f4b41d0469140077968d,Immune_system,neighbor1-0.5,0,ok,41014,20507,20496,20640,41158,0.0,0.11764705882352941,True,True,pipeline-v2,0.0003464000183157623,0.010053399979369715,0.013307200017152354
572900f73f37b31900477f6b,Immune_system,neighbor1-0.5,0,ok,41014,20507,20505,20623,41132,0.0,0.3333333333333333,True,True,pipeline-v2,0.00021559998276643455,0.009296400006860495,0.011894499999471009
572a07fc6aef0514001551dc,Immune_system,neighbor1-0.5,0,ok,41014,20507,20503,20616,41127,0.0,0.6666666666666666,True,True,pipeline-v2,0.0002804999821819365,0.00954150001052767,0.012446299981093034
572a12386aef051400155237,Immune_system,neighbor1-0.5,0,ok,41014,20507,20501,20630,41143,0.0,0.2857142857142857,True,True,pipeline-v2,0.00027650000993162394,0.009636899980250746,0.012640800006920472
5728f7774b864d1900165132,Immune_system,neighbor1-0.5,0,ok,41014,20507,20506,20615,41123,0.0,0.2,True,True,pipeline-v2,0.00022929999977350235,0.009757699997862801,0.012609199999133125
5728f6446aef0514001548e4,Immune_system,neighbor1-0.5,0,ok,41014,20507,20484,20584,41114,0.0,0.46153846153846156,True,True,pipeline-v2,0.0002518000255804509,0.009223400003975257,0.01221730001270771
57292449af94a219006aa0df,Kenya,neighbor1-0.5,0,ok,40122,20061,20061,20140,40201,0.0,0.4,True,True,pipeline-v2,0.00022799998987466097,0.009496100014075637,0.01205729998764582
5728fa576aef051400154922,Kenya,neighbor1-0.5,0,ok,40122,20061,20061,20133,40194,0.0,0.2,True,True,pipeline-v2,0.00044639999396167696,0.00926880000042729,0.011861199978739023
572918bd3f37b31900478018,Kenya,neighbor1-0.5,0,ok,40122,20061,20061,20151,40212,0.0,0.25,True,True,pipeline-v2,0.00024399999529123306,0.010212499997578561,0.012797000003047287
572913626aef051400154a30,Kenya,neighbor1-0.5,0,ok,40122,20061,20060,20138,40200,0.0,0.7857142857142857,True,True,pipeline-v2,0.00024129997473210096,0.009769099997356534,0.012090999982319772
572929d56aef051400154b0b,Kenya,neighbor1-0.5,0,ok,40122,20061,20060,20132,40194,0.0,0.7333333333333333,True,True,pipeline-v2,0.0002521999995224178,0.009490900003584102,0.012138300022343174
57291a7b1d04691400779040,Kenya,neighbor1-0.5,0,ok,40122,20061,20060,20133,40195,0.0,0.48,True,True,pipeline-v2,0.00021050000214017928,0.009487300005275756,0.011977099988143891
572906e23f37b31900477f8e,Kenya,neighbor1-0.5,0,ok,40122,20061,20061,20132,40193,0.0,0.5161290322580645,True,True,pipeline-v2,0.00030079999123699963,0.009773800004040822,0.012529100000392646
57291fb4af94a219006aa0b5,Kenya,neighbor1-0.5,0,ok,40122,20061,20061,20152,40213,0.0,0.42105263157894735,True,True,pipeline-v2,0.00028410000959411263,0.009992799983592704,0.012645900016650558
572926653f37b3190047807d,Kenya,neighbor1-0.5,0,ok,40122,20061,20061,20130,40191,0.0,0.08333333333333333,False,False,pipeline-v2,0.00023109998437575996,0.008862699993187562,0.011304199986625463
572903d96aef0514001549a7,Kenya,neighbor1-0.5,0,ok,40122,20061,20061,20156,40217,0.0,0.18181818181818182,True,True,pipeline-v2,0.0002179000002797693,0.010443400009535253,0.013508600008208305
5730b4282461fd1900a9cfc7,Imperialism,neighbor1-0.5,0,ok,35849,17924,17924,18021,35946,0.0,0.25806451612903225,True,True,pipeline-v2,0.00022170000011101365,0.007336200011195615,0.009954099979950115
573062662461fd1900a9cdf7,Imperialism,neighbor1-0.5,0,ok,35849,17924,17924,18007,35932,0.0,0.11764705882352941,True,True,pipeline-v2,0.0002306999813299626,0.007347400009166449,0.009561899991240352
5730876a396df9190009617e,Imperialism,neighbor1-0.5,0,ok,35849,17924,17914,18003,35938,0.0,0.0,False,True,pipeline-v2,0.0002651000104378909,0.00786439998773858,0.010259000002406538
573092088ab72b1400f9c595,Imperialism,neighbor1-0.5,0,ok,35849,17924,17920,18012,35941,0.0,0.23529411764705882,True,True,pipeline-v2,0.00024530000519007444,0.007688299985602498,0.0100527000031434
5730876a396df9190009617b,Imperialism,neighbor1-0.5,0,ok,35849,17924,17907,17997,35939,0.0,0.05405405405405406,False,True,pipeline-v2,0.00021779999951831996,0.007489300012821332,0.010161400015931576
573083dc2461fd1900a9ce70,Imperialism,neighbor1-0.5,0,ok,35849,17924,17916,18021,35954,0.0,0.0,False,True,pipeline-v2,0.00024240001221187413,0.00810429998091422,0.01050020000548102
5730ab63396df91900096262,Imperialism,neighbor1-0.5,0,ok,35849,17924,17921,18016,35944,0.0,0.1276595744680851,True,True,pipeline-v2,0.0002091999922413379,0.007157799991546199,0.00939940000534989
57309bfb8ab72b1400f9c5e7,Imperialism,neighbor1-0.5,0,ok,35849,17924,17922,18036,35963,0.0,0.08,False,True,pipeline-v2,0.00026359999901615083,0.007885600003646687,0.010441999998874962
5730b255396df919000962b0,Imperialism,neighbor1-0.5,0,ok,35849,17924,17924,18023,35948,0.0,0.25,True,True,pipeline-v2,0.0002206000208389014,0.007034600013867021,0.009241100022336468
573085ea8ab72b1400f9c550,Imperialism,neighbor1-0.5,0,ok,35849,17924,17919,17990,35920,0.0,0.8095238095238095,True,True,pipeline-v2,0.00021299999207258224,0.006928199989488348,0.009152299986453727
57273249f1498d1400e8f46e,Genghis_Khan,neighbor1-0.5,0,ok,41165,20582,20582,20735,41318,0.0,0.05714285714285714,True,True,pipeline-v2,0.00023490001331083477,0.010760699980892241,0.014445000007981434
572758c3dd62a815002e9b79,Genghis_Khan,neighbor1-0.5,0,ok,41165,20582,20571,20645,41239,0.0,0.5679012345679012,True,True,pipeline-v2,0.0002476999943610281,0.009370100015075877,0.01200109999626875
57273d06f1498d1400e8f4f9,Genghis_Khan,neighbor1-0.5,0,ok,41165,20582,20573,20667,41259,0.0,0.19047619047619047,True,True,pipeline-v2,0.0004687000182457268,0.010072100005345419,0.013370500004384667
5727580bf1498d1400e8f69a,Genghis_Khan,neighbor1-0.5,0,ok,41165,20582,20549,20677,41293,0.0,0.1,True,True,pipeline-v2,0.000301499996567145,0.010161299986066297,0.0136396000161767
57273dccdd62a815002e99fb,Genghis_Khan,neighbor1-0.5,0,ok,41165,20582,20579,20694,41280,0.0,0.20833333333333334,True,True,pipeline-v2,0.00023010000586509705,0.010240200004773214,0.013336800009710714
5726ae32708984140094cdae,Genghis_Khan,neighbor1-0.5,0,ok,41165,20582,20575,20686,41276,0.0,0.23529411764705882,True,True,pipeline-v2,0.0002667000226210803,0.010065300011774525,0.013052199996309355
57272ce1f1498d1400e8f43d,Genghis_Khan,neighbor1-0.5,0,ok,41165,20582,20576,20684,41273,0.0,0.21052631578947367,True,True,pipeline-v2,0.0002423000114504248,0.009684100019512698,0.01260990000446327
57269e8a5951b619008f77f7,Genghis_Khan,neighbor1-0.5,0,ok,41165,20582,20581,20693,41277,0.0,0.05714285714285714,False,True,pipeline-v2,0.00034779999987222254,0.00905100000090897,0.01204679999500513
5727515af1498d1400e8f63c,Genghis_Khan,neighbor1-0.5,0,ok,41165,20582,20578,20710,41297,0.0,0.07142857142857142,True,True,pipeline-v2,0.0002686000079847872,0.010125799977686256,0.013061300007393584
5726c0c5dd62a815002e8f7a,Genghis_Khan,neighbor1-0.5,0,ok,41165,20582,20575,20670,41260,0.0,0.13793103448275862,True,True,pipeline-v2,0.000239099987084046,0.009447699994780123,0.012435899989213794
57273c195951b619008f8722,American_Broadcasting_Company,neighbor1-0.5,0,ok,85500,42750,42750,42846,85596,0.0,0.0,False,True,pipeline-v2,0.000621799990767613,0.022707800002535805,0.02853730000788346
5727448b5951b619008f87a3,American_Broadcasting_Company,neighbor1-0.5,0,ok,85500,42750,42750,42872,85622,0.0,0.031746031746031744,True,True,pipeline-v2,0.0004222999850753695,0.022507500019855797,0.028001700004097074
57275f6ef1498d1400e8f708,American_Broadcasting_Company,neighbor1-0.5,0,ok,85500,42750,42749,42862,85613,0.0,0.13333333333333333,True,True,pipeline-v2,0.0005228999943938106,0.024220999999670312,0.0295371999964118
57267ca75951b619008f746b,American_Broadcasting_Company,neighbor1-0.5,0,ok,85500,42750,42750,42837,85587,0.0,0.0,False,True,pipeline-v2,0.0004850999976042658,0.021841199981281534,0.02689089998602867
57273c195951b619008f8723,American_Broadcasting_Company,neighbor1-0.5,0,ok,85500,42750,42750,42864,85614,0.0,0.0,False,True,pipeline-v2,0.0005149999924469739,0.02148329999181442,0.02795019999030046
57273d19708984140094db3f,American_Broadcasting_Company,neighbor1-0.5,0,ok,85500,42750,42748,42847,85599,0.0,0.19047619047619047,True,True,pipeline-v2,0.0004133000038564205,0.022537100012414157,0.02781430000322871
5727436af1498d1400e8f55a,American_Broadcasting_Company,neighbor1-0.5,0,ok,85500,42750,42748,42837,85589,0.0,0.047619047619047616,True,True,pipeline-v2,0.0005296999879647046,0.022534299991093576,0.027533399988897145
5726efdbdd62a815002e95c6,American_Broadcasting_Company,neighbor1-0.5,0,ok,85500,42750,42748,42821,85573,0.0,0.0,False,True,pipeline-v2,0.00042240001494064927,0.020504700019955635,0.02529550000326708
57273abef1498d1400e8f4dc,American_Broadcasting_Company,neighbor1-0.5,0,ok,85500,42750,42749,42849,85600,0.0,0.18181818181818182,True,True,pipeline-v2,0.00043220000225119293,0.022194799996213987,0.027269899990642443
57273dbbf1498d1400e8f508,American_Broadcasting_Company,neighbor1-0.5,0,ok,85500,42750,42749,42846,85597,0.0,0.2222222222222222,True,True,pipeline-v2,0.0004070000140927732,0.022577199997613207,0.027803200006019324
5730b776069b5314008322bd,United_Methodist_Church,neighbor1-0.5,0,ok,41518,20759,20758,20880,41640,0.0,0.09090909090909091,True,True,pipeline-v2,0.000229199999012053,0.009896500007016584,0.01293140000780113
5730982f396df919000961e5,United_Methodist_Church,neighbor1-0.5,0,ok,41518,20759,20758,20814,41574,0.0,0.0,False,True,pipeline-v2,0.00022340001305565238,0.008605400013038889,0.010857599991140887
5730eb5b497a881900248a43,United_Methodist_Church,neighbor1-0.5,0,ok,41518,20759,20758,20840,41600,0.0,0.18181818181818182,True,True,pipeline-v2,0.0003437999985180795,0.008989100024336949,0.011678399983793497
57309d31396df91900096213,United_Methodist_Church,neighbor1-0.5,0,ok,41518,20759,20758,20886,41646,0.0,0.6470588235294118,True,True,pipeline-v2,0.00026729999808594584,0.011266999994404614,0.014462299994193017
5730d523aca1c71400fe5b06,United_Methodist_Church,neighbor1-0.5,0,ok,41518,20759,20757,20868,41629,0.0,0.21428571428571427,True,True,pipeline-v2,0.00022419999004341662,0.009912900015478954,0.012645799986785278
5730b07c8ab72b1400f9c697,United_Methodist_Church,neighbor1-0.5,0,ok,41518,20759,20758,20863,41623,0.0,0.11428571428571428,True,True,pipeline-v2,0.00025350000942125916,0.009231000003637746,0.011872600007336587
57309d31396df91900096210,United_Methodist_Church,neighbor1-0.5,0,ok,41518,20759,20759,20878,41637,0.0,0.09302325581395349,True,True,pipeline-v2,0.0002505999873392284,0.008989099995233119,0.011653199995635077
5730bf03069b5314008322ed,United_Methodist_Church,neighbor1-0.5,0,ok,41518,20759,20758,20865,41625,0.0,0.14814814814814814,True,True,pipeline-v2,0.0002447000006213784,0.009990299993660301,0.012635499995667487
57309cd6069b5314008321c3,United_Methodist_Church,neighbor1-0.5,0,ok,41518,20759,20758,20866,41626,0.0,0.5555555555555556,True,True,pipeline-v2,0.0002556999970693141,0.01028379998751916,0.012868000019807369
5730b2ac2461fd1900a9cfb5,United_Methodist_Church,neighbor1-0.5,0,ok,41518,20759,20759,20876,41635,0.0,0.21621621621621623,True,True,pipeline-v2,0.00028199999360367656,0.00997260000440292,0.012876399996457621
5733f7b9d058e614000b66a9,French_and_Indian_War,neighbor1-0.5,0,ok,36348,18174,18171,18266,36443,0.0,0.375,True,True,pipeline-v2,0.00025179999647662044,0.00759619998279959,0.009997499990276992
5733fd66d058e614000b6735,French_and_Indian_War,neighbor1-0.5,0,ok,36348,18174,18171,18255,36432,0.0,0.11764705882352941,True,True,pipeline-v2,0.0002691999834496528,0.0077037999872118235,0.010008499986724928
57340d124776f419006617c3,French_and_Indian_War,neighbor1-0.5,0,ok,36348,18174,18174,18281,36455,0.0,0.03636363636363636,False,True,pipeline-v2,0.00047759999870322645,0.007386300014331937,0.010442500002682209
5733f410d058e614000b6665,French_and_Indian_War,neighbor1-0.5,0,ok,36348,18174,18156,18239,36431,0.0,0.8387096774193549,True,True,pipeline-v2,0.00021389999892562628,0.006635199999436736,0.008794399996986613
5733f7b9d058e614000b66ab,French_and_Indian_War,neighbor1-0.5,0,ok,36348,18174,18173,18274,36449,0.0,0.3333333333333333,True,True,pipeline-v2,0.0002080000122077763,0.007778899976983666,0.010072400007629767
5733f9fa4776f4190066161f,French_and_Indian_War,neighbor1-0.5,0,ok,36348,18174,18173,18238,36413,0.0,0.0,False,True,pipeline-v2,0.00020310000400058925,0.007094200002029538,0.009110999992117286
5733dab4d058e614000b640b,French_and_Indian_War,neighbor1-0.5,0,ok,36348,18174,18171,18239,36416,0.0,0.0,False,False,pipeline-v2,0.00023700000019744039,0.006959399994229898,0.009007999993627891
5734025d4776f419006616c5,French_and_Indian_War,neighbor1-0.5,0,ok,36348,18174,18164,18236,36420,0.0,0.5714285714285714,True,True,pipeline-v2,0.00022029998945072293,0.007456499995896593,0.009649499988881871
5733f9fa4776f41900661621,French_and_Indian_War,neighbor1-0.5,0,ok,36348,18174,18168,18258,36438,0.0,0.6666666666666666,True,True,pipeline-v2,0.00019679998513311148,0.008006899995962158,0.010511700005736202
57340a094776f4190066177d,French_and_Indian_War,neighbor1-0.5,0,ok,36348,18174,18171,18256,36433,0.0,0.0,False,True,pipeline-v2,0.0002170999941881746,0.00747019998379983,0.009669899998698384
572944e03f37b319004781e2,Intergovernmental_Panel_on_Climate_Change,neighbor1-0.5,0,ok,19100,9550,9544,9632,19188,0.0,0.09090909090909091,True,True,pipeline-v2,0.0002230999816674739,0.003184600005624816,0.004471899999771267
57293bc91d0469140077919d,Intergovernmental_Panel_on_Climate_Change,neighbor1-0.5,0,ok,19100,9550,9549,9619,19170,0.0,0.24,True,True,pipeline-v2,0.00023030000738799572,0.0036198000016156584,0.004897500009974465
572943ab1d0469140077921b,Intergovernmental_Panel_on_Climate_Change,neighbor1-0.5,0,ok,19100,9550,9549,9647,19198,0.0,0.0,False,True,pipeline-v2,0.00016799999866634607,0.0030407000158447772,0.004206699988571927
5729517d6aef051400154cca,Intergovernmental_Panel_on_Climate_Change,neighbor1-0.5,0,ok,19100,9550,9543,9632,19189,0.0,0.0,False,True,pipeline-v2,0.00015929999062791467,0.0031681999971624464,0.004371999995782971
57294baaaf94a219006aa26b,Intergovernmental_Panel_on_Climate_Change,neighbor1-0.5,0,ok,19100,9550,9546,9643,19197,0.0,0.3728813559322034,True,True,pipeline-v2,0.00016789999790489674,0.003341699979500845,0.00457809999352321
57294279af94a219006aa20b,Intergovernmental_Panel_on_Climate_Change,neighbor1-0.5,0,ok,19100,9550,9549,9638,19189,0.0,0.1875,False,False,pipeline-v2,0.00017469999147579074,0.003091199992923066,0.004240699985530227
572951f16aef051400154cce,Intergovernmental_Panel_on_Climate_Change,neighbor1-0.5,0,ok,19100,9550,9550,9644,19194,0.0,0.05714285714285714,True,True,pipeline-v2,0.0001407999952789396,0.0031522999925073236,0.004314699996029958
5729506d6aef051400154cac,Intergovernmental_Panel_on_Climate_Change,neighbor1-0.5,0,ok,19100,9550,9549,9704,19255,0.0,0.08695652173913043,True,True,pipeline-v2,0.0001340000017080456,0.003697400010423735,0.004978699987987056
57293e221d046914007791d5,Intergovernmental_Panel_on_Climate_Change,neighbor1-0.5,0,ok,19100,9550,9549,9687,19238,0.0,0.32558139534883723,True,True,pipeline-v2,0.0001598999951966107,0.0034508999960962683,0.0048322000075131655
57293ca73f37b3190047815c,Intergovernmental_Panel_on_Climate_Change,neighbor1-0.5,0,ok,19100,9550,9550,9618,19168,0.0,0.13043478260869565,False,True,pipeline-v2,0.0001396999869029969,0.002924100001109764,0.004325399990193546
57286010ff5b5019007da1cc,University_of_Chicago,bm25-0.75,0,ok,31983,23987,23985,24089,32087,0.0,0.2222222222222222,True,True,pipeline-v2,0.0002237000153400004,0.006014600017806515,0.008680500002810732
572872dd2ca10214002da37e,University_of_Chicago,bm25-0.75,0,ok,31983,23987,23986,24056,32053,0.0,0.0,False,False,pipeline-v2,0.00017710000975057483,0.005724100017687306,0.008113399991998449
57286010ff5b5019007da1cd,University_of_Chicago,bm25-0.75,0,ok,31983,23987,23985,24051,32049,0.0,0.13333333333333333,True,True,pipeline-v2,0.00021389999892562628,0.005299500015098602,0.007608999992953613
57283db6ff5b5019007d9fbe,University_of_Chicago,bm25-0.75,0,ok,31983,23987,23987,24092,32088,0.0,0.42105263157894735,True,True,pipeline-v2,0.00019409999367780983,0.005628499988233671,0.0082066000031773
572847ff3acd2414000df869,University_of_Chicago,bm25-0.75,0,ok,31983,23987,23985,24086,32084,0.0,0.0,False,True,pipeline-v2,0.00022170000011101365,0.00582269998267293,0.008676700002979487
572870b2ff5b5019007da222,University_of_Chicago,bm25-0.75,0,ok,31983,23987,23986,24111,32108,0.0,0.21052631578947367,True,True,pipeline-v2,0.00018430000636726618,0.005765200010500848,0.008873000013409182
572843304b864d190016484b,University_of_Chicago,bm25-0.75,0,ok,31983,23987,23986,24057,32054,0.0,0.3333333333333333,True,True,pipeline-v2,0.0001728000061120838,0.005913500004680827,0.008415099990088493
57284142ff5b5019007da00a,University_of_Chicago,bm25-0.75,0,ok,31983,23987,23987,24073,32069,0.0,0.0,False,True,pipeline-v2,0.00017529999604448676,0.005479600018588826,0.00836209999397397
57285213ff5b5019007da182,University_of_Chicago,bm25-0.75,0,ok,31983,23987,23986,24081,32078,0.0,0.0,False,True,pipeline-v2,0.00021779999951831996,0.005552099988562986,0.00813989999005571
57286ec63acd2414000df9d3,University_of_Chicago,bm25-0.75,0,ok,31983,23987,23986,24087,32084,0.0,0.0851063829787234,True,True,pipeline-v2,0.0002156999835278839,0.006299500004388392,0.009373000008054078
57287e512ca10214002da3fb,Yuan_dynasty,bm25-0.75,0,ok,45620,34215,34198,34278,45700,0.0,0.13333333333333333,True,True,pipeline-v2,0.00028229999588802457,0.011930599983315915,0.016447000001790002
572879574b864d1900164a14,Yuan_dynasty,bm25-0.75,0,ok,45620,34215,34214,34311,45717,0.0,0.18181818181818182,True,True,pipeline-v2,0.0003315999929327518,0.012087799987057224,0.016752099996665493
57287b4a4b864d1900164a28,Yuan_dynasty,bm25-0.75,0,ok,45620,34215,34213,34308,45715,0.0,0.16666666666666666,True,True,pipeline-v2,0.00023839998175390065,0.012151800008723512,0.01671120000537485
572860e03acd2414000df979,Yuan_dynasty,bm25-0.75,0,ok,45620,34215,34192,34261,45689,0.0,0.0,False,True,pipeline-v2,0.0004015000013168901,0.011932499997783452,0.016255399998044595
572885c44b864d1900164a7a,Yuan_dynasty,bm25-0.75,0,ok,45620,34215,34213,34289,45696,0.0,0.0,False,True,pipeline-v2,0.00025859999004751444,0.011674100009258837,0.015814999991562217
572872822ca10214002da375,Yuan_dynasty,bm25-0.75,0,ok,45620,34215,34209,34319,45730,0.0,0.0,False,True,pipeline-v2,0.0002623000182211399,0.012146100023528561,0.016880500013940036
57288428ff5b5019007da292,Yuan_dynasty,bm25-0.75,0,ok,45620,34215,34203,34275,45692,0.0,0.26666666666666666,True,True,pipeline-v2,0.00028750000637955964,0.011295500007690862,0.015517599997110665
5728809f2ca10214002da40d,Yuan_dynasty,bm25-0.75,0,ok,45620,34215,34198,34265,45687,0.0,0.6153846153846154,True,True,pipeline-v2,0.00028279999969527125,0.010663900000508875,0.014723700005561113
57287f6a3acd2414000dfa55,Yuan_dynasty,bm25-0.75,0,ok,45620,34215,34200,34292,45712,0.0,0.09090909090909091,True,True,pipeline-v2,0.00028670000028796494,0.012101000000257045,0.016853600012836978
572860e03acd2414000df977,Yuan_dynasty,bm25-0.75,0,ok,45620,34215,34202,34291,45709,0.0,0.0,False,True,pipeline-v2,0.0002843999827746302,0.011335500021232292,0.015680899989092723
5729f799af94a219006aa70a,Immune_system,bm25-0.75,0,ok,41014,30760,30757,30860,41117,0.0,0.0,False,True,pipeline-v2,0.00026080000679939985,0.010672899981727824,0.01494930000626482
5726f8abf1498d1400e8f166,Immune_system,bm25-0.75,0,ok,41014,30760,30753,30843,41104,0.0,0.7,True,True,pipeline-v2,0.0002995000104419887,0.01065569999627769,0.014920600020559505
5729f69caf94a219006aa6fb,Immune_system,bm25-0.75,0,ok,41014,30760,30736,30874,41152,0.0,0.10526315789473684,True,True,pipeline-v2,0.00032610000926069915,0.010878200002480298,0.01552869999432005
5729f1fcaf94a219006aa6d6,Immune_system,bm25-0.75,0,ok,41014,30760,30759,30887,41142,0.0,0.24242424242424243,True,True,pipeline-v2,0.0002523000002838671,0.011244099994655699,0.015549700008705258
5729f4b41d0469140077968d,Immune_system,bm25-0.75,0,ok,41014,30760,30760,30904,41158,0.0,0.11764705882352941,True,True,pipeline-v2,0.00026500000967644155,0.011175899999216199,0.01622510000015609
572900f73f37b31900477f6b,Immune_system,bm25-0.75,0,ok,41014,30760,30759,30877,41132,0.0,0.3333333333333333,True,True,pipeline-v2,0.00021440000273287296,0.010321100009605289,0.014373599988175556
572a07fc6aef0514001551dc,Immune_system,bm25-0.75,0,ok,41014,30760,30760,30873,41127,0.0,0.6666666666666666,True,True,pipeline-v2,0.0002677000011317432,0.01135359998443164,0.01582329999655485
572a12386aef051400155237,Immune_system,bm25-0.75,0,ok,41014,30760,30758,30887,41143,0.0,0.2857142857142857,True,True,pipeline-v2,0.0002689999819267541,0.010429999994812533,0.014477599994279444
5728f7774b864d1900165132,Immune_system,bm25-0.75,0,ok,41014,30760,30760,30869,41123,0.0,0.2,True,True,pipeline-v2,0.00025090001872740686,0.010781100019812584,0.015512600017245859
5728f6446aef0514001548e4,Immune_system,bm25-0.75,0,ok,41014,30760,30754,30854,41114,0.0,0.46153846153846156,True,True,pipeline-v2,0.0002398999931756407,0.010234199988190085,0.014439499995205551
57292449af94a219006aa0df,Kenya,bm25-0.75,0,ok,40122,30091,30090,30169,40201,0.0,0.4,True,True,pipeline-v2,0.0002297000028192997,0.010474200011231005,0.014269200008129701
5728fa576aef051400154922,Kenya,bm25-0.75,0,ok,40122,30091,30090,30162,40194,0.0,0.2,True,True,pipeline-v2,0.0002232000115327537,0.011067699990235269,0.014658100000815466
572918bd3f37b31900478018,Kenya,bm25-0.75,0,ok,40122,30091,30091,30181,40212,0.0,0.25,True,True,pipeline-v2,0.0002175999979954213,0.011030199995730072,0.016040400019846857
572913626aef051400154a30,Kenya,bm25-0.75,0,ok,40122,30091,30089,30167,40200,0.0,0.7857142857142857,True,True,pipeline-v2,0.0002243999915663153,0.010469600005308166,0.014476300013484433
572929d56aef051400154b0b,Kenya,bm25-0.75,0,ok,40122,30091,30088,30160,40194,0.0,0.7333333333333333,True,True,pipeline-v2,0.0002534999803174287,0.009965700010070577,0.013649200001964346
57291a7b1d04691400779040,Kenya,bm25-0.75,0,ok,40122,30091,30089,30162,40195,0.0,0.48,True,True,pipeline-v2,0.00021250001736916602,0.010832600004505366,0.014866700017591938
572906e23f37b31900477f8e,Kenya,bm25-0.75,0,ok,40122,30091,30090,30161,40193,0.0,0.5161290322580645,True,True,pipeline-v2,0.00026000000070780516,0.010661100008292124,0.01445449999300763
57291fb4af94a219006aa0b5,Kenya,bm25-0.75,0,ok,40122,30091,30088,30179,40213,0.0,0.42105263157894735,True,True,pipeline-v2,0.0002263000060338527,0.010872799990465865,0.015009299997473136
572926653f37b3190047807d,Kenya,bm25-0.75,0,ok,40122,30091,30084,30153,40191,0.0,0.08333333333333333,False,False,pipeline-v2,0.00023629999486729503,0.010363700013840571,0.014297999994596466
572903d96aef0514001549a7,Kenya,bm25-0.75,0,ok,40122,30091,30089,30184,40217,0.0,0.18181818181818182,True,True,pipeline-v2,0.0002575000107754022,0.01084239999181591,0.01526500002364628
5730b4282461fd1900a9cfc7,Imperialism,bm25-0.75,0,ok,35849,26886,26869,26966,35946,0.0,0.25806451612903225,True,True,pipeline-v2,0.00022600000374950469,0.007058199989842251,0.01051490000099875
573062662461fd1900a9cdf7,Imperialism,bm25-0.75,0,ok,35849,26886,26885,26968,35932,0.0,0.11764705882352941,True,True,pipeline-v2,0.00020739997853524983,0.007541200000559911,0.010635099984938279
5730876a396df9190009617e,Imperialism,bm25-0.75,0,ok,35849,26886,26884,26973,35938,0.0,0.06451612903225806,True,True,pipeline-v2,0.0002052999916486442,0.0074616000056266785,0.01049859999329783
573092088ab72b1400f9c595,Imperialism,bm25-0.75,0,ok,35849,26886,26884,26976,35941,0.0,0.23529411764705882,True,True,pipeline-v2,0.0002685000072233379,0.007819600024959072,0.011037199990823865
5730876a396df9190009617b,Imperialism,bm25-0.75,0,ok,35849,26886,26884,26974,35939,0.0,0.05405405405405406,False,True,pipeline-v2,0.00021359999664127827,0.008140799996908754,0.011505400005262345
573083dc2461fd1900a9ce70,Imperialism,bm25-0.75,0,ok,35849,26886,26885,26990,35954,0.0,0.0,False,True,pipeline-v2,0.00019449999672360718,0.007769300020299852,0.010920500004431233
5730ab63396df91900096262,Imperialism,bm25-0.75,0,ok,35849,26886,26884,26979,35944,0.0,0.1276595744680851,True,True,pipeline-v2,0.00022340001305565238,0.00790869997581467,0.011157000000821427
57309bfb8ab72b1400f9c5e7,Imperialism,bm25-0.75,0,ok,35849,26886,26885,26999,35963,0.0,0.08,False,True,pipeline-v2,0.0001962999813258648,0.008101200015516952,0.012236899987328798
5730b255396df919000962b0,Imperialism,bm25-0.75,0,ok,35849,26886,26863,26962,35948,0.0,0.25,True,True,pipeline-v2,0.0002610000083222985,0.007279399986146018,0.010521799995331094
573085ea8ab72b1400f9c550,Imperialism,bm25-0.75,0,ok,35849,26886,26882,26953,35920,0.0,0.8095238095238095,True,True,pipeline-v2,0.0002148000057786703,0.00709100000676699,0.010390700015705079
57273249f1498d1400e8f46e,Genghis_Khan,bm25-0.75,0,ok,41165,30873,30870,31023,41318,0.0,0.05714285714285714,True,True,pipeline-v2,0.00023120001424103975,0.010622500005410984,0.015633000002708286
572758c3dd62a815002e9b79,Genghis_Khan,bm25-0.75,0,ok,41165,30873,30867,30941,41239,0.0,0.5679012345679012,True,True,pipeline-v2,0.00026020000223070383,0.009814399993047118,0.014014199987286702
57273d06f1498d1400e8f4f9,Genghis_Khan,bm25-0.75,0,ok,41165,30873,30873,30967,41259,0.0,0.19047619047619047,True,True,pipeline-v2,0.0002093000221066177,0.009193899983074516,0.013613400020403787
5727580bf1498d1400e8f69a,Genghis_Khan,bm25-0.75,0,ok,41165,30873,30872,31000,41293,0.0,0.1,True,True,pipeline-v2,0.00024930000654421747,0.011113099986687303,0.015523600013693795
57273dccdd62a815002e99fb,Genghis_Khan,bm25-0.75,0,ok,41165,30873,30870,30985,41280,0.0,0.20833333333333334,True,True,pipeline-v2,0.00022039999021217227,0.01063950001844205,0.014907600008882582
5726ae32708984140094cdae,Genghis_Khan,bm25-0.75,0,ok,41165,30873,30867,30978,41276,0.0,0.23529411764705882,True,True,pipeline-v2,0.0002747000253293663,0.010422899998957291,0.014633300015702844
57272ce1f1498d1400e8f43d,Genghis_Khan,bm25-0.75,0,ok,41165,30873,30867,30975,41273,0.0,0.21052631578947367,True,True,pipeline-v2,0.00023020000662654638,0.009987299999920651,0.014077700005145743
57269e8a5951b619008f77f7,Genghis_Khan,bm25-0.75,0,ok,41165,30873,30868,30980,41277,0.0,0.05714285714285714,False,True,pipeline-v2,0.0003034000110346824,0.01043490000301972,0.014781300007598475
5727515af1498d1400e8f63c,Genghis_Khan,bm25-0.75,0,ok,41165,30873,30867,30999,41297,0.0,0.07142857142857142,True,True,pipeline-v2,0.000288200011709705,0.010857999994186684,0.015298700018320233
5726c0c5dd62a815002e8f7a,Genghis_Khan,bm25-0.75,0,ok,41165,30873,30868,30963,41260,0.0,0.13793103448275862,True,True,pipeline-v2,0.0002573999809101224,0.010241700016194955,0.014223199978005141
57273c195951b619008f8722,American_Broadcasting_Company,bm25-0.75,0,ok,85500,64125,64125,64221,85596,0.0,0.0,False,True,pipeline-v2,0.000453799992101267,0.0245266999991145,0.032247899973299354
5727448b5951b619008f87a3,American_Broadcasting_Company,bm25-0.75,0,ok,85500,64125,64125,64247,85622,0.0,0.031746031746031744,True,True,pipeline-v2,0.00040950000402517617,0.02592970000114292,0.03330239999922924
57275f6ef1498d1400e8f708,American_Broadcasting_Company,bm25-0.75,0,ok,85500,64125,64123,64236,85613,0.0,0.13333333333333333,True,True,pipeline-v2,0.00038479999057017267,0.02521240001078695,0.032939900003839284
57267ca75951b619008f746b,American_Broadcasting_Company,bm25-0.75,0,ok,85500,64125,64123,64210,85587,0.0,0.0,False,True,pipeline-v2,0.00045380002120509744,0.023978600016562268,0.031019500020192936
57273c195951b619008f8723,American_Broadcasting_Company,bm25-0.75,0,ok,85500,64125,64124,64238,85614,0.0,0.0,False,True,pipeline-v2,0.00041130001773126423,0.025012899975990877,0.03269920000457205
57273d19708984140094db3f,American_Broadcasting_Company,bm25-0.75,0,ok,85500,64125,64124,64223,85599,0.0,0.19047619047619047,True,True,pipeline-v2,0.000405299972044304,0.025706700020236894,0.03295049999724142
5727436af1498d1400e8f55a,American_Broadcasting_Company,bm25-0.75,0,ok,85500,64125,64125,64214,85589,0.0,0.047619047619047616,True,True,pipeline-v2,0.00043710001045838,0.02407440001843497,0.031367899995530024
5726efdbdd62a815002e95c6,American_Broadcasting_Company,bm25-0.75,0,ok,85500,64125,64124,64197,85573,0.0,0.0,False,True,pipeline-v2,0.0003997999883722514,0.02363459998741746,0.0302912000042852
57273abef1498d1400e8f4dc,American_Broadcasting_Company,bm25-0.75,0,ok,85500,64125,64123,64223,85600,0.0,0.18181818181818182,True,True,pipeline-v2,0.00043169999844394624,0.024702199996681884,0.03254499999457039
57273dbbf1498d1400e8f508,American_Broadcasting_Company,bm25-0.75,0,ok,85500,64125,64125,64222,85597,0.0,0.2222222222222222,True,True,pipeline-v2,0.0003981000045314431,0.02458699999260716,0.0318394000059925
5730b776069b5314008322bd,United_Methodist_Church,bm25-0.75,0,ok,41518,31138,31137,31259,41640,0.0,0.09090909090909091,True,True,pipeline-v2,0.0002641000028233975,0.010954500001389533,0.015151100000366569
5730982f396df919000961e5,United_Methodist_Church,bm25-0.75,0,ok,41518,31138,31137,31193,41574,0.0,0.0,False,True,pipeline-v2,0.00023780000628903508,0.009573500021360815,0.0132144000090193
5730eb5b497a881900248a43,United_Methodist_Church,bm25-0.75,0,ok,41518,31138,31138,31220,41600,0.0,0.18181818181818182,True,True,pipeline-v2,0.00022500002523884177,0.009742499998537824,0.013988300022901967
57309d31396df91900096213,United_Methodist_Church,bm25-0.75,0,ok,41518,31138,31138,31266,41646,0.0,0.6470588235294118,True,True,pipeline-v2,0.00022600000374950469,0.010968699993100017,0.014935699990019202
5730d523aca1c71400fe5b06,United_Methodist_Church,bm25-0.75,0,ok,41518,31138,31138,31249,41629,0.0,0.21428571428571427,True,True,pipeline-v2,0.0002148000057786703,0.011230799980694428,0.015260300016961992
5730b07c8ab72b1400f9c697,United_Methodist_Church,bm25-0.75,0,ok,41518,31138,31138,31243,41623,0.0,0.11428571428571428,True,True,pipeline-v2,0.0003064999764319509,0.010313200007658452,0.014438599988352507
57309d31396df91900096210,United_Methodist_Church,bm25-0.75,0,ok,41518,31138,31137,31256,41637,0.0,0.09302325581395349,True,True,pipeline-v2,0.00034249998861923814,0.010780599986901507,0.014749599999049678
5730bf03069b5314008322ed,United_Methodist_Church,bm25-0.75,0,ok,41518,31138,31138,31245,41625,0.0,0.14814814814814814,True,True,pipeline-v2,0.00031060000765137374,0.011118399997940287,0.015020800026832148
57309cd6069b5314008321c3,United_Methodist_Church,bm25-0.75,0,ok,41518,31138,31138,31246,41626,0.0,0.5555555555555556,True,True,pipeline-v2,0.000252999976510182,0.009734899998875335,0.013875899981940165
5730b2ac2461fd1900a9cfb5,United_Methodist_Church,bm25-0.75,0,ok,41518,31138,31138,31255,41635,0.0,0.21621621621621623,True,True,pipeline-v2,0.000298400002066046,0.010388700000476092,0.014665099995909259
5733f7b9d058e614000b66a9,French_and_Indian_War,bm25-0.75,0,ok,36348,27261,27260,27355,36443,0.0,0.08695652173913043,True,True,pipeline-v2,0.00036589999217540026,0.008417299977736548,0.011995899985777214
5733fd66d058e614000b6735,French_and_Indian_War,bm25-0.75,0,ok,36348,27261,27250,27334,36432,0.0,0.11764705882352941,True,True,pipeline-v2,0.00019660001271404326,0.007869900000514463,0.01124540000455454
57340d124776f419006617c3,French_and_Indian_War,bm25-0.75,0,ok,36348,27261,27256,27363,36455,0.0,0.03636363636363636,False,True,pipeline-v2,0.0002604000037536025,0.00818740000249818,0.011511200020322576
5733f410d058e614000b6665,French_and_Indian_War,bm25-0.75,0,ok,36348,27261,27261,27344,36431,0.0,0.8387096774193549,True,True,pipeline-v2,0.00023979999241419137,0.007972099992912263,0.011243100016145036
5733f7b9d058e614000b66ab,French_and_Indian_War,bm25-0.75,0,ok,36348,27261,27239,27340,36449,0.0,0.3333333333333333,True,True,pipeline-v2,0.00022089999401941895,0.00869709998369217,0.012216800008900464
5733f9fa4776f4190066161f,French_and_Indian_War,bm25-0.75,0,ok,36348,27261,27233,27298,36413,0.0,0.0,False,True,pipeline-v2,0.00022230000467970967,0.007612799992784858,0.011032200010959059
5733dab4d058e614000b640b,French_and_Indian_War,bm25-0.75,0,ok,36348,27261,27260,27328,36416,0.0,0.0,False,True,pipeline-v2,0.00028589999419637024,0.007971899991389364,0.011296399985440075
5734025d4776f419006616c5,French_and_Indian_War,bm25-0.75,0,ok,36348,27261,27258,27330,36420,0.0,0.5714285714285714,True,True,pipeline-v2,0.00022070002160035074,0.007980299997143447,0.011516200000187382
5733f9fa4776f41900661621,French_and_Indian_War,bm25-0.75,0,ok,36348,27261,27251,27341,36438,0.0,0.6666666666666666,True,True,pipeline-v2,0.00020280000171624124,0.008190699998522177,0.011393699998734519
57340a094776f4190066177d,French_and_Indian_War,bm25-0.75,0,ok,36348,27261,27251,27336,36433,0.0,0.0,False,True,pipeline-v2,0.00022429999080486596,0.008874999999534339,0.012271499988855794
572944e03f37b319004781e2,Intergovernmental_Panel_on_Climate_Change,bm25-0.75,0,ok,19100,14325,14325,14413,19188,0.0,0.09090909090909091,True,True,pipeline-v2,0.00027129999944008887,0.003487199981464073,0.005235399992670864
57293bc91d0469140077919d,Intergovernmental_Panel_on_Climate_Change,bm25-0.75,0,ok,19100,14325,14323,14393,19170,0.0,0.24,True,True,pipeline-v2,0.00015930001973174512,0.0031722999992780387,0.004967000015312806
572943ab1d0469140077921b,Intergovernmental_Panel_on_Climate_Change,bm25-0.75,0,ok,19100,14325,14324,14422,19198,0.0,0.0,False,False,pipeline-v2,0.00013679999392479658,0.003209399990737438,0.005057000002125278
5729517d6aef051400154cca,Intergovernmental_Panel_on_Climate_Change,bm25-0.75,0,ok,19100,14325,14324,14413,19189,0.0,0.0,False,True,pipeline-v2,0.00013219998800195754,0.003679699992062524,0.005364499986171722
57294baaaf94a219006aa26b,Intergovernmental_Panel_on_Climate_Change,bm25-0.75,0,ok,19100,14325,14325,14422,19197,0.0,0.3728813559322034,True,True,pipeline-v2,0.00012770001194439828,0.0036683999933302402,0.005515600001672283
57294279af94a219006aa20b,Intergovernmental_Panel_on_Climate_Change,bm25-0.75,0,ok,19100,14325,14323,14412,19189,0.0,0.1875,False,False,pipeline-v2,0.00012929999502375722,0.003445599984843284,0.00507449998985976
572951f16aef051400154cce,Intergovernmental_Panel_on_Climate_Change,bm25-0.75,0,ok,19100,14325,14324,14418,19194,0.0,0.05714285714285714,True,True,pipeline-v2,0.00015350000467151403,0.003357500012498349,0.0054462999978568405
5729506d6aef051400154cac,Intergovernmental_Panel_on_Climate_Change,bm25-0.75,0,ok,19100,14325,14325,14480,19255,0.0,0.08695652173913043,True,True,pipeline-v2,0.00013960001524537802,0.003852299996651709,0.006289300014032051
57293e221d046914007791d5,Intergovernmental_Panel_on_Climate_Change,bm25-0.75,0,ok,19100,14325,14323,14461,19238,0.0,0.32558139534883723,True,True,pipeline-v2,0.00015549999079667032,0.0037420000007841736,0.005594399990513921
57293ca73f37b3190047815c,Intergovernmental_Panel_on_Climate_Change,bm25-0.75,0,ok,19100,14325,14324,14392,19168,0.0,0.13043478260869565,False,True,pipeline-v2,0.00012700000661425292,0.003955699998186901,0.005481600004713982
57286010ff5b5019007da1cc,University_of_Chicago,head-0.75,0,ok,31983,23987,23942,24046,32087,0.0,0.2222222222222222,True,True,pipeline-v2,0.0002060999977402389,0.005232399998931214,0.008595899998908862
572872dd2ca10214002da37e,University_of_Chicago,head-0.75,0,ok,31983,23987,23942,24012,32053,0.0,0.0,False,False,pipeline-v2,0.00017409998690709472,0.004511400009505451,0.0072647999913897365
57286010ff5b5019007da1cd,University_of_Chicago,head-0.75,0,ok,31983,23987,23942,24008,32049,0.0,0.13333333333333333,True,True,pipeline-v2,0.00018450000789016485,0.0043375999957788736,0.006838200002675876
57283db6ff5b5019007d9fbe,University_of_Chicago,head-0.75,0,ok,31983,23987,23942,24047,32088,0.0,0.42105263157894735,True,True,pipeline-v2,0.00018289999570697546,0.0049334999930579215,0.00768070001504384
572847ff3acd2414000df869,University_of_Chicago,head-0.75,0,ok,31983,23987,23942,24043,32084,0.0,0.0,False,True,pipeline-v2,0.00018360000103712082,0.004959600017173216,0.007858700002543628
572870b2ff5b5019007da222,University_of_Chicago,head-0.75,0,ok,31983,23987,23942,24067,32108,0.0,0.0,False,True,pipeline-v2,0.00021550001110881567,0.005451600009109825,0.00870730000315234
572843304b864d190016484b,University_of_Chicago,head-0.75,0,ok,31983,23987,23942,24013,32054,0.0,0.3333333333333333,True,True,pipeline-v2,0.00020680000307038426,0.004830899997614324,0.0073161000036634505
57284142ff5b5019007da00a,University_of_Chicago,head-0.75,0,ok,31983,23987,23942,24028,32069,0.0,0.0,False,True,pipeline-v2,0.0001857000170275569,0.004701999976532534,0.007391300023300573
57285213ff5b5019007da182,University_of_Chicago,head-0.75,0,ok,31983,23987,23942,24037,32078,0.0,0.0,False,True,pipeline-v2,0.00034509997931309044,0.004921299987472594,0.008158299984643236
57286ec63acd2414000df9d3,University_of_Chicago,head-0.75,0,ok,31983,23987,23942,24043,32084,0.0,0.0,False,False,pipeline-v2,0.00018939998699352145,0.004519899986917153,0.007279399986146018
57287e512ca10214002da3fb,Yuan_dynasty,head-0.75,0,ok,45620,34215,34148,34228,45700,0.0,0.13333333333333333,True,True,pipeline-v2,0.00024300001678057015,0.008675099990796298,0.013429900020128116
572879574b864d1900164a14,Yuan_dynasty,head-0.75,0,ok,45620,34215,34148,34245,45717,0.0,0.18181818181818182,True,True,pipeline-v2,0.0003065000055357814,0.00964530001510866,0.014509100001305342
57287b4a4b864d1900164a28,Yuan_dynasty,head-0.75,0,ok,45620,34215,34148,34243,45715,0.0,0.16666666666666666,True,True,pipeline-v2,0.00032560000545345247,0.008941100008087233,0.013940100005129352
572860e03acd2414000df979,Yuan_dynasty,head-0.75,0,ok,45620,34215,34148,34217,45689,0.0,0.0,False,True,pipeline-v2,0.0002924000145867467,0.00851320000947453,0.013178399996832013
572885c44b864d1900164a7a,Yuan_dynasty,head-0.75,0,ok,45620,34215,34148,34224,45696,0.0,0.0,False,True,pipeline-v2,0.00028619999648071826,0.008749900007387623,0.013472899998305365
572872822ca10214002da375,Yuan_dynasty,head-0.75,0,ok,45620,34215,34148,34258,45730,0.0,0.0,False,True,pipeline-v2,0.00028310000197961926,0.010423500003525987,0.015576500009046867
57288428ff5b5019007da292,Yuan_dynasty,head-0.75,0,ok,45620,34215,34148,34220,45692,0.0,0.13333333333333333,False,False,pipeline-v2,0.000242199981585145,0.008699400001205504,0.01293149997945875
5728809f2ca10214002da40d,Yuan_dynasty,head-0.75,0,ok,45620,34215,34148,34215,45687,0.0,0.0,False,False,pipeline-v2,0.00028410000959411263,0.008950000017648563,0.012913999991724268
57287f6a3acd2414000dfa55,Yuan_dynasty,head-0.75,0,ok,45620,34215,34148,34240,45712,0.0,0.09090909090909091,True,True,pipeline-v2,0.0002837000065483153,0.009604299993952736,0.014281800016760826
572860e03acd2414000df977,Yuan_dynasty,head-0.75,0,ok,45620,34215,34148,34237,45709,0.0,0.0,False,True,pipeline-v2,0.000235399988014251,0.008828099991660565,0.013276799989398569
5729f799af94a219006aa70a,Immune_system,head-0.75,0,ok,41014,30760,30624,30727,41117,0.0,0.0,False,True,pipeline-v2,0.0002361000224482268,0.007753900019451976,0.0114336000115145
5726f8abf1498d1400e8f166,Immune_system,head-0.75,0,ok,41014,30760,30624,30714,41104,0.0,0.7,True,True,pipeline-v2,0.00023560001864098012,0.007428200013237074,0.011070100008510053
5729f69caf94a219006aa6fb,Immune_system,head-0.75,0,ok,41014,30760,30624,30762,41152,0.0,0.10526315789473684,True,True,pipeline-v2,0.00025469998945482075,0.008293099992442876,0.012662900000577793
5729f1fcaf94a219006aa6d6,Immune_system,head-0.75,0,ok,41014,30760,30624,30752,41142,0.0,0.24242424242424243,True,True,pipeline-v2,0.00021440000273287296,0.007960499991895631,0.012093700002878904
5729f4b41d0469140077968d,Immune_system,head-0.75,0,ok,41014,30760,30624,30768,41158,0.0,0.11764705882352941,True,True,pipeline-v2,0.00022419999004341662,0.008467900013783947,0.013402699987636879
572900f73f37b31900477f6b,Immune_system,head-0.75,0,ok,41014,30760,30624,30742,41132,0.0,0.3333333333333333,True,True,pipeline-v2,0.0002367999986745417,0.007792000018525869,0.011876400007167831
572a07fc6aef0514001551dc,Immune_system,head-0.75,0,ok,41014,30760,30624,30737,41127,0.0,0.6666666666666666,True,True,pipeline-v2,0.00026160001289099455,0.007903099991381168,0.012206600018544123
572a12386aef051400155237,Immune_system,head-0.75,0,ok,41014,30760,30624,30753,41143,0.0,0.13333333333333333,False,False,pipeline-v2,0.0002313000150024891,0.007722399983322248,0.011623400001553819
5728f7774b864d1900165132,Immune_system,head-0.75,0,ok,41014,30760,30624,30733,41123,0.0,0.2,True,True,pipeline-v2,0.00023269999655894935,0.008036700019147247,0.012263900018297136
5728f6446aef0514001548e4,Immune_system,head-0.75,0,ok,41014,30760,30624,30724,41114,0.0,0.46153846153846156,True,True,pipeline-v2,0.00021550001110881567,0.007567499997094274,0.01165269999182783
57292449af94a219006aa0df,Kenya,head-0.75,0,ok,40122,30091,29807,29886,40201,0.0,0.4,True,True,pipeline-v2,0.00024759999359957874,0.007806999987224117,0.011545399989699945
5728fa576aef051400154922,Kenya,head-0.75,0,ok,40122,30091,29807,29879,40194,0.0,0.2,True,True,pipeline-v2,0.00027379998937249184,0.007638699986273423,0.011250899988226593
572918bd3f37b31900478018,Kenya,head-0.75,0,ok,40122,30091,29807,29897,40212,0.0,0.25,True,True,pipeline-v2,0.0002761000068858266,0.008443200000328943,0.012471499998355284
572913626aef051400154a30,Kenya,head-0.75,0,ok,40122,30091,29807,29885,40200,0.0,0.7857142857142857,True,True,pipeline-v2,0.00021630001720041037,0.008503900025971234,0.012026400014292449
572929d56aef051400154b0b,Kenya,head-0.75,0,ok,40122,30091,29807,29879,40194,0.0,0.0,False,False,pipeline-v2,0.0002279000182170421,0.00816210001357831,0.011706799996318296
57291a7b1d04691400779040,Kenya,head-0.75,0,ok,40122,30091,29807,29880,40195,0.0,0.05263157894736842,False,True,pipeline-v2,0.0002106000029016286,0.007924600009573624,0.01152250001905486
572906e23f37b31900477f8e,Kenya,head-0.75,0,ok,40122,30091,29807,29878,40193,0.0,0.5161290322580645,True,True,pipeline-v2,0.00023740000324323773,0.008387000008951873,0.012110200012102723
57291fb4af94a219006aa0b5,Kenya,head-0.75,0,ok,40122,30091,29807,29898,40213,0.0,0.42105263157894735,True,True,pipeline-v2,0.0003271999885328114,0.00843909999821335,0.01264089997857809
572926653f37b3190047807d,Kenya,head-0.75,0,ok,40122,30091,29807,29876,40191,0.0,0.0,False,False,pipeline-v2,0.00020859998767264187,0.0072533999918960035,0.010810999985551462
572903d96aef0514001549a7,Kenya,head-0.75,0,ok,40122,30091,29807,29902,40217,0.0,0.18181818181818182,True,True,pipeline-v2,0.000374099996406585,0.008518799993908033,0.012774000002536923
5730b4282461fd1900a9cfc7,Imperialism,head-0.75,0,ok,35849,26886,26755,26852,35946,0.0,0.0,False,False,pipeline-v2,0.0001998000079765916,0.00590270000975579,0.0092274000053294
573062662461fd1900a9cdf7,Imperialism,head-0.75,0,ok,35849,26886,26755,26838,35932,0.0,0.11764705882352941,True,True,pipeline-v2,0.00019950000569224358,0.005772999982582405,0.009103699994739145
5730876a396df9190009617e,Imperialism,head-0.75,0,ok,35849,26886,26755,26844,35938,0.0,0.06451612903225806,True,True,pipeline-v2,0.00020549999317154288,0.0067316000058781356,0.009837699995841831
573092088ab72b1400f9c595,Imperialism,head-0.75,0,ok,35849,26886,26755,26847,35941,0.0,0.23529411764705882,True,True,pipeline-v2,0.00024269998539239168,0.006162200006656349,0.009417399996891618
5730876a396df9190009617b,Imperialism,head-0.75,0,ok,35849,26886,26755,26845,35939,0.0,0.05405405405405406,False,True,pipeline-v2,0.0002238999877590686,0.005875100003322586,0.009101799980271608
573083dc2461fd1900a9ce70,Imperialism,head-0.75,0,ok,35849,26886,26755,26860,35954,0.0,0.0,False,True,pipeline-v2,0.0002553999947849661,0.006205100013175979,0.009446600015508011
5730ab63396df91900096262,Imperialism,head-0.75,0,ok,35849,26886,26755,26850,35944,0.0,0.1276595744680851,True,True,pipeline-v2,0.0002179000002797693,0.005970700003672391,0.009025600011227652
57309bfb8ab72b1400f9c5e7,Imperialism,head-0.75,0,ok,35849,26886,26755,26869,35963,0.0,0.08,False,True,pipeline-v2,0.00020670000230893493,0.0062760000000707805,0.009826800000155345
5730b255396df919000962b0,Imperialism,head-0.75,0,ok,35849,26886,26755,26854,35948,0.0,0.0,False,True,pipeline-v2,0.00022280000848695636,0.00570859998697415,0.008719800011022016
573085ea8ab72b1400f9c550,Imperialism,head-0.75,0,ok,35849,26886,26755,26826,35920,0.0,0.8095238095238095,True,True,pipeline-v2,0.00022050002007745206,0.00569969997741282,0.008524100005161017
57273249f1498d1400e8f46e,Genghis_Khan,head-0.75,0,ok,41165,30873,30741,30894,41318,0.0,0.05714285714285714,True,True,pipeline-v2,0.00027019999106414616,0.009004099993035197,0.013878999976441264
572758c3dd62a815002e9b79,Genghis_Khan,head-0.75,0,ok,41165,30873,30741,30815,41239,0.0,0.05,False,False,pipeline-v2,0.00024770002346485853,0.00756220001494512,0.01135800001793541
57273d06f1498d1400e8f4f9,Genghis_Khan,head-0.75,0,ok,41165,30873,30741,30835,41259,0.0,0.07142857142857142,False,False,pipeline-v2,0.0002294000005349517,0.007885600003646687,0.011854800017317757
5727580bf1498d1400e8f69a,Genghis_Khan,head-0.75,0,ok,41165,30873,30741,30869,41293,0.0,0.0,False,False,pipeline-v2,0.00025770001229830086,0.008246000012150034,0.012566099991090596
57273dccdd62a815002e99fb,Genghis_Khan,head-0.75,0,ok,41165,30873,30741,30856,41280,0.0,0.20833333333333334,True,True,pipeline-v2,0.0002668000233825296,0.00892079999903217,0.0137109000061173
5726ae32708984140094cdae,Genghis_Khan,head-0.75,0,ok,41165,30873,30741,30852,41276,0.0,0.23529411764705882,True,True,pipeline-v2,0.00022059999173507094,0.008634500001790002,0.012935499980812892
57272ce1f1498d1400e8f43d,Genghis_Khan,head-0.75,0,ok,41165,30873,30741,30849,41273,0.0,0.21052631578947367,True,True,pipeline-v2,0.00023859998327679932,0.00813979998929426,0.012216699979035184
57269e8a5951b619008f77f7,Genghis_Khan,head-0.75,0,ok,41165,30873,30741,30853,41277,0.0,0.05714285714285714,False,True,pipeline-v2,0.0002597999991849065,0.008720499987248331,0.013158599991584197
5727515af1498d1400e8f63c,Genghis_Khan,head-0.75,0,ok,41165,30873,30741,30873,41297,0.0,0.0,False,False,pipeline-v2,0.00022689998149871826,0.008689200010849163,0.013096799986669794
5726c0c5dd62a815002e8f7a,Genghis_Khan,head-0.75,0,ok,41165,30873,30741,30836,41260,0.0,0.13793103448275862,True,True,pipeline-v2,0.00023049997980706394,0.007886200008215383,0.011804099980508909
57273c195951b619008f8722,American_Broadcasting_Company,head-0.75,0,ok,85500,64125,63921,64017,85596,0.0,0.0,False,True,pipeline-v2,0.0004538999928627163,0.018171600007917732,0.02635040000313893
5727448b5951b619008f87a3,American_Broadcasting_Company,head-0.75,0,ok,85500,64125,63921,64043,85622,0.0,0.031746031746031744,True,True,pipeline-v2,0.00042990001384168863,0.018294399982551113,0.026015800016466528
57275f6ef1498d1400e8f708,American_Broadcasting_Company,head-0.75,0,ok,85500,64125,63921,64034,85613,0.0,0.13333333333333333,True,True,pipeline-v2,0.0004177000082563609,0.01807859999826178,0.02650130001711659
57267ca75951b619008f746b,American_Broadcasting_Company,head-0.75,0,ok,85500,64125,63921,64008,85587,0.0,0.0,False,True,pipeline-v2,0.00043330001062713563,0.017767899989848956,0.025189200008753687
57273c195951b619008f8723,American_Broadcasting_Company,head-0.75,0,ok,85500,64125,63921,64035,85614,0.0,0.0,False,True,pipeline-v2,0.000397599971620366,0.018228900007670745,0.02603929999168031
57273d19708984140094db3f,American_Broadcasting_Company,head-0.75,0,ok,85500,64125,63921,64020,85599,0.0,0.19047619047619047,True,True,pipeline-v2,0.0007238999824039638,0.01792600000044331,0.026046299986774102
5727436af1498d1400e8f55a,American_Broadcasting_Company,head-0.75,0,ok,85500,64125,63921,64010,85589,0.0,0.047619047619047616,True,True,pipeline-v2,0.0004545999981928617,0.01791559997946024,0.025338999985251576
5726efdbdd62a815002e95c6,American_Broadcasting_Company,head-0.75,0,ok,85500,64125,63921,63994,85573,0.0,0.0,False,True,pipeline-v2,0.00042150000808760524,0.017284100002143532,0.024838800018187612
57273abef1498d1400e8f4dc,American_Broadcasting_Company,head-0.75,0,ok,85500,64125,63921,64021,85600,0.0,0.18181818181818182,True,True,pipeline-v2,0.0004228000179864466,0.01830369999515824,0.02615020002122037
57273dbbf1498d1400e8f508,American_Broadcasting_Company,head-0.75,0,ok,85500,64125,63921,64018,85597,0.0,0.2222222222222222,True,True,pipeline-v2,0.00042699999175965786,0.0174426999874413,0.025008700002217665
5730b776069b5314008322bd,United_Methodist_Church,head-0.75,0,ok,41518,31138,31073,31195,41640,0.0,0.09090909090909091,True,True,pipeline-v2,0.00026210001669824123,0.007508900016546249,0.011533700017025694
5730982f396df919000961e5,United_Methodist_Church,head-0.75,0,ok,41518,31138,31073,31129,41574,0.0,0.0,False,True,pipeline-v2,0.0002610999799799174,0.006621200009249151,0.010226199985481799
5730eb5b497a881900248a43,United_Methodist_Church,head-0.75,0,ok,41518,31138,31073,31155,41600,0.0,0.0,False,True,pipeline-v2,0.00033719997736625373,0.0070865000016056,0.010816299996804446
57309d31396df91900096213,United_Methodist_Church,head-0.75,0,ok,41518,31138,31073,31201,41646,0.0,0.6470588235294118,True,True,pipeline-v2,0.00023529998725280166,0.007312600006116554,0.011736599990399554
5730d523aca1c71400fe5b06,United_Methodist_Church,head-0.75,0,ok,41518,31138,31073,31184,41629,0.0,0.0,False,False,pipeline-v2,0.00022059999173507094,0.007442300004186109,0.011372899985872209
5730b07c8ab72b1400f9c697,United_Methodist_Church,head-0.75,0,ok,41518,31138,31073,31178,41623,0.0,0.11428571428571428,True,True,pipeline-v2,0.000238799984799698,0.007136700005503371,0.011444299976574257
57309d31396df91900096210,United_Methodist_Church,head-0.75,0,ok,41518,31138,31073,31192,41637,0.0,0.09302325581395349,True,True,pipeline-v2,0.0002484999713487923,0.0067999000020790845,0.010988199996063486
5730bf03069b5314008322ed,United_Methodist_Church,head-0.75,0,ok,41518,31138,31073,31180,41625,0.0,0.14814814814814814,True,True,pipeline-v2,0.00026599998818710446,0.00723019998986274,0.011213299992959946
57309cd6069b5314008321c3,United_Methodist_Church,head-0.75,0,ok,41518,31138,31073,31181,41626,0.0,0.5555555555555556,True,True,pipeline-v2,0.00023289999808184803,0.00745979999192059,0.011408000020310283
5730b2ac2461fd1900a9cfb5,United_Methodist_Church,head-0.75,0,ok,41518,31138,31073,31190,41635,0.0,0.21621621621621623,True,True,pipeline-v2,0.000249299977440387,0.007606200000736862,0.012264899996807799
5733f7b9d058e614000b66a9,French_and_Indian_War,head-0.75,0,ok,36348,27261,27215,27310,36443,0.0,0.08695652173913043,True,True,pipeline-v2,0.0002902999985963106,0.007403399999020621,0.011091699998360127
5733fd66d058e614000b6735,French_and_Indian_War,head-0.75,0,ok,36348,27261,27215,27299,36432,0.0,0.11764705882352941,True,True,pipeline-v2,0.0002734999870881438,0.0066470000019762665,0.010237999988021329
57340d124776f419006617c3,French_and_Indian_War,head-0.75,0,ok,36348,27261,27215,27322,36455,0.0,0.06060606060606061,False,True,pipeline-v2,0.00020000000949949026,0.0068802000023424625,0.010288899997249246
5733f410d058e614000b6665,French_and_Indian_War,head-0.75,0,ok,36348,27261,27215,27298,36431,0.0,0.8387096774193549,True,True,pipeline-v2,0.00019580000662244856,0.006530799990287051,0.010000200010836124
5733f7b9d058e614000b66ab,French_and_Indian_War,head-0.75,0,ok,36348,27261,27215,27316,36449,0.0,0.3333333333333333,True,True,pipeline-v2,0.0002615000121295452,0.006676999997580424,0.011036700016120449
5733f9fa4776f4190066161f,French_and_Indian_War,head-0.75,0,ok,36348,27261,27215,27280,36413,0.0,0.0,False,True,pipeline-v2,0.00021040000137872994,0.005955000000540167,0.009155600011581555
5733dab4d058e614000b640b,French_and_Indian_War,head-0.75,0,ok,36348,27261,27215,27283,36416,0.0,0.0,False,True,pipeline-v2,0.0002353000163566321,0.006742600002326071,0.010147699998924509
5734025d4776f419006616c5,French_and_Indian_War,head-0.75,0,ok,36348,27261,27215,27287,36420,0.0,0.0,False,False,pipeline-v2,0.00019530000281520188,0.006527699995785952,0.009643299999879673
5733f9fa4776f41900661621,French_and_Indian_War,head-0.75,0,ok,36348,27261,27215,27305,36438,0.0,0.6666666666666666,True,True,pipeline-v2,0.0002592999953776598,0.007309999986318871,0.0107844999874942
57340a094776f4190066177d,French_and_Indian_War,head-0.75,0,ok,36348,27261,27215,27300,36433,0.0,0.0,False,False,pipeline-v2,0.0002455000067129731,0.006494299974292517,0.010490899992873892
572944e03f37b319004781e2,Intergovernmental_Panel_on_Climate_Change,head-0.75,0,ok,19100,14325,14283,14371,19188,0.0,0.05714285714285714,True,True,pipeline-v2,0.00013190001482143998,0.0028273000207263976,0.004512699990300462
57293bc91d0469140077919d,Intergovernmental_Panel_on_Climate_Change,head-0.75,0,ok,19100,14325,14283,14353,19170,0.0,0.24,True,True,pipeline-v2,0.0001270999782718718,0.00278690000413917,0.004484599980060011
572943ab1d0469140077921b,Intergovernmental_Panel_on_Climate_Change,head-0.75,0,ok,19100,14325,14283,14381,19198,0.0,0.0,False,True,pipeline-v2,0.00014099999680183828,0.0033848999883048236,0.005237699981080368
5729517d6aef051400154cca,Intergovernmental_Panel_on_Climate_Change,head-0.75,0,ok,19100,14325,14283,14372,19189,0.0,0.09090909090909091,True,True,pipeline-v2,0.00013780000153928995,0.0027129999944008887,0.00439750001532957
57294baaaf94a219006aa26b,Intergovernmental_Panel_on_Climate_Change,head-0.75,0,ok,19100,14325,14283,14380,19197,0.0,0.24,False,False,pipeline-v2,0.0001527000276837498,0.0032269000075757504,0.005159500025911257
57294279af94a219006aa20b,Intergovernmental_Panel_on_Climate_Change,head-0.75,0,ok,19100,14325,14283,14372,19189,0.0,0.1875,False,False,pipeline-v2,0.00012760001118294895,0.002734399982728064,0.004382300016004592
572951f16aef051400154cce,Intergovernmental_Panel_on_Climate_Change,head-0.75,0,ok,19100,14325,14283,14377,19194,0.0,0.0,False,False,pipeline-v2,0.00012430001515895128,0.0027645000081975013,0.004501799994613975
5729506d6aef051400154cac,Intergovernmental_Panel_on_Climate_Change,head-0.75,0,ok,19100,14325,14283,14438,19255,0.0,0.0,False,False,pipeline-v2,0.00012409998453222215,0.0031321000133175403,0.005136899999342859
57293e221d046914007791d5,Intergovernmental_Panel_on_Climate_Change,head-0.75,0,ok,19100,14325,14283,14421,19238,0.0,0.32558139534883723,True,True,pipeline-v2,0.00014180000289343297,0.0029704000044148415,0.004880599997704849
57293ca73f37b3190047815c,Intergovernmental_Panel_on_Climate_Change,head-0.75,0,ok,19100,14325,14283,14351,19168,0.0,0.13043478260869565,False,True,pipeline-v2,0.00017759998445399106,0.0025114000018220395,0.0041022999794222414
57286010ff5b5019007da1cc,University_of_Chicago,bm25-0.25,0,ok,31983,7995,7994,8098,32087,0.0,0.2222222222222222,True,True,pipeline-v2,0.0002269999822601676,0.0046922999899834394,0.005803199979709461
572872dd2ca10214002da37e,University_of_Chicago,bm25-0.25,0,ok,31983,7995,7995,8065,32053,0.0,0.0,False,False,pipeline-v2,0.0001841000048443675,0.004025700007332489,0.005033199995523319
57286010ff5b5019007da1cd,University_of_Chicago,bm25-0.25,0,ok,31983,7995,7993,8059,32049,0.0,0.13333333333333333,True,True,pipeline-v2,0.00016980001237243414,0.004557200009003282,0.0055102000187616795
57283db6ff5b5019007d9fbe,University_of_Chicago,bm25-0.25,0,ok,31983,7995,7995,8100,32088,0.0,0.42105263157894735,True,True,pipeline-v2,0.00017680000746622682,0.004552400001557544,0.005575699993642047
572847ff3acd2414000df869,University_of_Chicago,bm25-0.25,0,ok,31983,7995,7994,8095,32084,0.0,0.0,False,True,pipeline-v2,0.00021319999359548092,0.00467439999920316,0.005783899978268892
572870b2ff5b5019007da222,University_of_Chicago,bm25-0.25,0,ok,31983,7995,7994,8119,32108,0.0,0.21052631578947367,True,True,pipeline-v2,0.00018659999477677047,0.004525900003500283,0.005574700015131384
572843304b864d190016484b,University_of_Chicago,bm25-0.25,0,ok,31983,7995,7994,8065,32054,0.0,0.3333333333333333,True,True,pipeline-v2,0.00020700000459328294,0.004094400006579235,0.005026300001190975
57284142ff5b5019007da00a,University_of_Chicago,bm25-0.25,0,ok,31983,7995,7994,8080,32069,0.0,0.0,False,True,pipeline-v2,0.00018009997438639402,0.004586299997754395,0.005833599978359416
57285213ff5b5019007da182,University_of_Chicago,bm25-0.25,0,ok,31983,7995,7994,8089,32078,0.0,0.0,False,True,pipeline-v2,0.0001776999852154404,0.0045402999967336655,0.0056050999846775085
57286ec63acd2414000df9d3,University_of_Chicago,bm25-0.25,0,ok,31983,7995,7994,8095,32084,0.0,0.0,False,True,pipeline-v2,0.0002001000102609396,0.004592699988279492,0.005638900009216741
57287e512ca10214002da3fb,Yuan_dynasty,bm25-0.25,0,ok,45620,11405,11393,11473,45700,0.0,0.13333333333333333,True,True,pipeline-v2,0.00024300001678057015,0.00812650000443682,0.009705600008601323
572879574b864d1900164a14,Yuan_dynasty,bm25-0.25,0,ok,45620,11405,11403,11500,45717,0.0,0.18181818181818182,True,True,pipeline-v2,0.0003152000135742128,0.00871480000205338,0.010394699987955391
57287b4a4b864d1900164a28,Yuan_dynasty,bm25-0.25,0,ok,45620,11405,11401,11496,45715,0.0,0.16666666666666666,True,True,pipeline-v2,0.0002792000013869256,0.009143799979938194,0.010946800000965595
572860e03acd2414000df979,Yuan_dynasty,bm25-0.25,0,ok,45620,11405,11403,11472,45689,0.0,0.0,False,True,pipeline-v2,0.00028830001247115433,0.008602499990956858,0.010251500003505498
572885c44b864d1900164a7a,Yuan_dynasty,bm25-0.25,0,ok,45620,11405,11390,11466,45696,0.0,0.0,False,True,pipeline-v2,0.00025339997955597937,0.008191500004613772,0.009703599993372336
572872822ca10214002da375,Yuan_dynasty,bm25-0.25,0,ok,45620,11405,11398,11508,45730,0.0,0.0,False,True,pipeline-v2,0.0002868000010494143,0.009170899982564151,0.010931500000879169
57288428ff5b5019007da292,Yuan_dynasty,bm25-0.25,0,ok,45620,11405,11404,11476,45692,0.0,0.26666666666666666,True,True,pipeline-v2,0.00025680000544525683,0.007863700011512265,0.009330400003818795
5728809f2ca10214002da40d,Yuan_dynasty,bm25-0.25,0,ok,45620,11405,11404,11471,45687,0.0,0.6153846153846154,True,True,pipeline-v2,0.0002511999919079244,0.007796999998390675,0.009285799984354526
57287f6a3acd2414000dfa55,Yuan_dynasty,bm25-0.25,0,ok,45620,11405,11393,11485,45712,0.0,0.09090909090909091,True,True,pipeline-v2,0.0002597999991849065,0.008824099990306422,0.010523200005991384
572860e03acd2414000df977,Yuan_dynasty,bm25-0.25,0,ok,45620,11405,11401,11490,45709,0.0,0.0,False,True,pipeline-v2,0.0002626000205054879,0.00871630001347512,0.010521300020627677
5729f799af94a219006aa70a,Immune_system,bm25-0.25,0,ok,41014,10253,10253,10356,41117,0.0,0.0,False,True,pipeline-v2,0.0002772000152617693,0.007299499993678182,0.008783500001300126
5726f8abf1498d1400e8f166,Immune_system,bm25-0.25,0,ok,41014,10253,10253,10343,41104,0.0,0.7,True,True,pipeline-v2,0.00021999998716637492,0.0077825000043958426,0.009420399990631267
5729f69caf94a219006aa6fb,Immune_system,bm25-0.25,0,ok,41014,10253,10248,10386,41152,0.0,0.0,False,True,pipeline-v2,0.00030839999089948833,0.00823320000199601,0.010031299985712394
5729f1fcaf94a219006aa6d6,Immune_system,bm25-0.25,0,ok,41014,10253,10252,10380,41142,0.0,0.24242424242424243,True,True,pipeline-v2,0.00026699999580159783,0.00781549999373965,0.00955190000240691
5729f4b41d0469140077968d,Immune_system,bm25-0.25,0,ok,41014,10253,10252,10396,41158,0.0,0.11764705882352941,True,True,pipeline-v2,0.00030250000418163836,0.007977900007972494,0.009727800003020093
572900f73f37b31900477f6b,Immune_system,bm25-0.25,0,ok,41014,10253,10251,10369,41132,0.0,0.3333333333333333,True,True,pipeline-v2,0.0002449000021442771,0.007448899996234104,0.00895329998456873
572a07fc6aef0514001551dc,Immune_system,bm25-0.25,0,ok,41014,10253,10251,10364,41127,0.0,0.6666666666666666,True,True,pipeline-v2,0.00022910002735443413,0.007639800023753196,0.009192600002279505
572a12386aef051400155237,Immune_system,bm25-0.25,0,ok,41014,10253,10252,10381,41143,0.0,0.2857142857142857,True,True,pipeline-v2,0.00022650000755675137,0.007358400005614385,0.009041499986778945
5728f7774b864d1900165132,Immune_system,bm25-0.25,0,ok,41014,10253,10252,10361,41123,0.0,0.2,True,True,pipeline-v2,0.00024530000519007444,0.007805000001098961,0.009365000005345792
5728f6446aef0514001548e4,Immune_system,bm25-0.25,0,ok,41014,10253,10252,10352,41114,0.0,0.46153846153846156,True,True,pipeline-v2,0.00023169998894445598,0.007751900004222989,0.009237999998731539
57292449af94a219006aa0df,Kenya,bm25-0.25,0,ok,40122,10030,10030,10109,40201,0.0,0.4,True,True,pipeline-v2,0.00022410001838579774,0.007518400001572445,0.008910800010198727
5728fa576aef051400154922,Kenya,bm25-0.25,0,ok,40122,10030,10029,10101,40194,0.0,0.2,True,True,pipeline-v2,0.00029899997753091156,0.007036700000753626,0.00840199997765012
572918bd3f37b31900478018,Kenya,bm25-0.25,0,ok,40122,10030,10030,10120,40212,0.0,0.25,True,True,pipeline-v2,0.00021219998598098755,0.00764950001030229,0.009285799984354526
572913626aef051400154a30,Kenya,bm25-0.25,0,ok,40122,10030,10029,10107,40200,0.0,0.7857142857142857,True,True,pipeline-v2,0.0002117999829351902,0.007417300017550588,0.00877700001001358
572929d56aef051400154b0b,Kenya,bm25-0.25,0,ok,40122,10030,10029,10101,40194,0.0,0.7333333333333333,True,True,pipeline-v2,0.00021150000975467265,0.006864700000733137,0.008112200011964887
57291a7b1d04691400779040,Kenya,bm25-0.25,0,ok,40122,10030,10030,10103,40195,0.0,0.48,True,True,pipeline-v2,0.00023079998209141195,0.00761840000632219,0.009007499989820644
572906e23f37b31900477f8e,Kenya,bm25-0.25,0,ok,40122,10030,10030,10101,40193,0.0,0.5161290322580645,True,True,pipeline-v2,0.0002982000005431473,0.007507800008170307,0.009027300024172291
57291fb4af94a219006aa0b5,Kenya,bm25-0.25,0,ok,40122,10030,10028,10119,40213,0.0,0.42105263157894735,True,True,pipeline-v2,0.00021399999968707561,0.007373600004939362,0.008832999999867752
572926653f37b3190047807d,Kenya,bm25-0.25,0,ok,40122,10030,10029,10098,40191,0.0,0.08333333333333333,False,False,pipeline-v2,0.0002114000089932233,0.007509199989726767,0.008820200018817559
572903d96aef0514001549a7,Kenya,bm25-0.25,0,ok,40122,10030,10030,10125,40217,0.0,0.18181818181818182,True,True,pipeline-v2,0.00021240001660771668,0.007874600007198751,0.009742599999299273
5730b4282461fd1900a9cfc7,Imperialism,bm25-0.25,0,ok,35849,8962,8956,9053,35946,0.0,0.25806451612903225,True,True,pipeline-v2,0.00020429998403415084,0.005616999987978488,0.006786399986594915
573062662461fd1900a9cdf7,Imperialism,bm25-0.25,0,ok,35849,8962,8961,9044,35932,0.0,0.11764705882352941,True,True,pipeline-v2,0.0001934999891091138,0.0056090999860316515,0.0068709999904967844
5730876a396df9190009617e,Imperialism,bm25-0.25,0,ok,35849,8962,8961,9050,35938,0.0,0.0,False,True,pipeline-v2,0.00019630001042969525,0.006138600001577288,0.007409200014080852
573092088ab72b1400f9c595,Imperialism,bm25-0.25,0,ok,35849,8962,8962,9054,35941,0.0,0.23529411764705882,True,True,pipeline-v2,0.00019799999427050352,0.006143300008261576,0.007429100020090118
5730876a396df9190009617b,Imperialism,bm25-0.25,0,ok,35849,8962,8961,9051,35939,0.0,0.05405405405405406,False,True,pipeline-v2,0.0001947999990079552,0.006159899989143014,0.007446699979482219
573083dc2461fd1900a9ce70,Imperialism,bm25-0.25,0,ok,35849,8962,8962,9067,35954,0.0,0.0,False,True,pipeline-v2,0.00026649999199435115,0.005801799998153001,0.007060000003548339
5730ab63396df91900096262,Imperialism,bm25-0.25,0,ok,35849,8962,8956,9051,35944,0.0,0.1276595744680851,True,True,pipeline-v2,0.00026309999520890415,0.005298599979141727,0.006530699989525601
57309bfb8ab72b1400f9c5e7,Imperialism,bm25-0.25,0,ok,35849,8962,8962,9076,35963,0.0,0.08,False,True,pipeline-v2,0.00024310001754201949,0.006780299998354167,0.008140799996908754
5730b255396df919000962b0,Imperialism,bm25-0.25,0,ok,35849,8962,8962,9061,35948,0.0,0.25,True,True,pipeline-v2,0.00020199999562464654,0.005704000010155141,0.006858700013253838
573085ea8ab72b1400f9c550,Imperialism,bm25-0.25,0,ok,35849,8962,8960,9031,35920,0.0,0.8095238095238095,True,True,pipeline-v2,0.00023460001102648675,0.005549800000153482,0.007124399999156594
57273249f1498d1400e8f46e,Genghis_Khan,bm25-0.25,0,ok,41165,10291,10291,10444,41318,0.0,0.05714285714285714,True,True,pipeline-v2,0.00022330001229420304,0.008316000021295622,0.01012829999672249
572758c3dd62a815002e9b79,Genghis_Khan,bm25-0.25,0,ok,41165,10291,10287,10361,41239,0.0,0.5679012345679012,True,True,pipeline-v2,0.00033370000892318785,0.0076034000085201114,0.0093015999882482
57273d06f1498d1400e8f4f9,Genghis_Khan,bm25-0.25,0,ok,41165,10291,10291,10385,41259,0.0,0.19047619047619047,True,True,pipeline-v2,0.00021880000713281333,0.007202299981145188,0.008792600012384355
5727580bf1498d1400e8f69a,Genghis_Khan,bm25-0.25,0,ok,41165,10291,10287,10415,41293,0.0,0.1,True,True,pipeline-v2,0.00022080002236180007,0.008118900004774332,0.00968380001722835
57273dccdd62a815002e99fb,Genghis_Khan,bm25-0.25,0,ok,41165,10291,10285,10400,41280,0.0,0.20833333333333334,True,True,pipeline-v2,0.00023789997794665396,0.007611300010466948,0.009919799980707467
5726ae32708984140094cdae,Genghis_Khan,bm25-0.25,0,ok,41165,10291,10291,10402,41276,0.0,0.23529411764705882,True,True,pipeline-v2,0.00021860000560991466,0.007741199980955571,0.009459499997319654
57272ce1f1498d1400e8f43d,Genghis_Khan,bm25-0.25,0,ok,41165,10291,10289,10397,41273,0.0,0.21052631578947367,True,True,pipeline-v2,0.00025549999554641545,0.007233899988932535,0.00918600001023151
57269e8a5951b619008f77f7,Genghis_Khan,bm25-0.25,0,ok,41165,10291,10291,10403,41277,0.0,0.05714285714285714,False,False,pipeline-v2,0.0002138000272680074,0.0077584000246133655,0.009254800010239705
5727515af1498d1400e8f63c,Genghis_Khan,bm25-0.25,0,ok,41165,10291,10290,10422,41297,0.0,0.07142857142857142,True,True,pipeline-v2,0.0002167999919038266,0.007860199984861538,0.009911000001011416
5726c0c5dd62a815002e8f7a,Genghis_Khan,bm25-0.25,0,ok,41165,10291,10291,10386,41260,0.0,0.13793103448275862,True,True,pipeline-v2,0.0002686000079847872,0.006743000005371869,0.00820509999175556
57273c195951b619008f8722,American_Broadcasting_Company,bm25-0.25,0,ok,85500,21375,21373,21469,85596,0.0,0.0,False,True,pipeline-v2,0.0004144999838899821,0.0166711000201758,0.019422899989876896
5727448b5951b619008f87a3,American_Broadcasting_Company,bm25-0.25,0,ok,85500,21375,21373,21495,85622,0.0,0.031746031746031744,True,True,pipeline-v2,0.0004188999882899225,0.016599199996562675,0.01923689999966882
57275f6ef1498d1400e8f708,American_Broadcasting_Company,bm25-0.25,0,ok,85500,21375,21375,21488,85613,0.0,0.13333333333333333,True,True,pipeline-v2,0.000808400014648214,0.017205200012540445,0.02031590000842698
57267ca75951b619008f746b,American_Broadcasting_Company,bm25-0.25,0,ok,85500,21375,21375,21462,85587,0.0,0.0,False,True,pipeline-v2,0.0004335000121500343,0.016378100001020357,0.0189513000077568
57273c195951b619008f8723,American_Broadcasting_Company,bm25-0.25,0,ok,85500,21375,21373,21487,85614,0.0,0.0,False,True,pipeline-v2,0.0005182999884709716,0.016449399990960956,0.01931689999764785
57273d19708984140094db3f,American_Broadcasting_Company,bm25-0.25,0,ok,85500,21375,21373,21472,85599,0.0,0.19047619047619047,True,True,pipeline-v2,0.00039069997728802264,0.016771199996583164,0.01999739999882877
5727436af1498d1400e8f55a,American_Broadcasting_Company,bm25-0.25,0,ok,85500,21375,21374,21463,85589,0.0,0.047619047619047616,True,True,pipeline-v2,0.00039370000013150275,0.015408100007334724,0.01785760000348091
5726efdbdd62a815002e95c6,American_Broadcasting_Company,bm25-0.25,0,ok,85500,21375,21375,21448,85573,0.0,0.0,False,True,pipeline-v2,0.0004704000020865351,0.015331900009186938,0.017892900010338053
57273abef1498d1400e8f4dc,American_Broadcasting_Company,bm25-0.25,0,ok,85500,21375,21373,21473,85600,0.0,0.18181818181818182,True,True,pipeline-v2,0.00047450000420212746,0.016307199985021725,0.01922109999577515
57273dbbf1498d1400e8f508,American_Broadcasting_Company,bm25-0.25,0,ok,85500,21375,21375,21472,85597,0.0,0.2222222222222222,True,True,pipeline-v2,0.00047129997983574867,0.015902299986919388,0.018627199984621257
5730b776069b5314008322bd,United_Methodist_Church,bm25-0.25,0,ok,41518,10379,10378,10500,41640,0.0,0.09090909090909091,True,True,pipeline-v2,0.00023239999427460134,0.00788199997623451,0.009872599999653175
5730982f396df919000961e5,United_Methodist_Church,bm25-0.25,0,ok,41518,10379,10379,10435,41574,0.0,0.0,False,True,pipeline-v2,0.0002770999853964895,0.006659200007561594,0.007912399974884465
5730eb5b497a881900248a43,United_Methodist_Church,bm25-0.25,0,ok,41518,10379,10378,10460,41600,0.0,0.18181818181818182,True,True,pipeline-v2,0.00027630000840872526,0.006928199989488348,0.00832230001105927
57309d31396df91900096213,United_Methodist_Church,bm25-0.25,0,ok,41518,10379,10379,10507,41646,0.0,0.6470588235294118,True,True,pipeline-v2,0.0003341000119689852,0.008787899976596236,0.01046019999193959
5730d523aca1c71400fe5b06,United_Methodist_Church,bm25-0.25,0,ok,41518,10379,10379,10490,41629,0.0,0.21428571428571427,True,True,pipeline-v2,0.00023999999393709004,0.007379999995464459,0.008900899993022904
5730b07c8ab72b1400f9c697,United_Methodist_Church,bm25-0.25,0,ok,41518,10379,10379,10484,41623,0.0,0.11428571428571428,True,True,pipeline-v2,0.0002894999925047159,0.007252600014908239,0.008742600010009483
57309d31396df91900096210,United_Methodist_Church,bm25-0.25,0,ok,41518,10379,10379,10498,41637,0.0,0.09302325581395349,True,True,pipeline-v2,0.0002133999951183796,0.006985599990002811,0.008420500002102926
5730bf03069b5314008322ed,United_Methodist_Church,bm25-0.25,0,ok,41518,10379,10379,10486,41625,0.0,0.14814814814814814,True,True,pipeline-v2,0.00022690001060254872,0.007676599983824417,0.009152899991022423
57309cd6069b5314008321c3,United_Methodist_Church,bm25-0.25,0,ok,41518,10379,10378,10486,41626,0.0,0.5555555555555556,True,True,pipeline-v2,0.00025099999038502574,0.006767200015019625,0.008170000015525147
5730b2ac2461fd1900a9cfb5,United_Methodist_Church,bm25-0.25,0,ok,41518,10379,10379,10496,41635,0.0,0.21621621621621623,True,True,pipeline-v2,0.00023999999393709004,0.007228900009067729,0.008702599996468052
5733f7b9d058e614000b66a9,French_and_Indian_War,bm25-0.25,0,ok,36348,9087,9080,9175,36443,0.0,0.375,True,True,pipeline-v2,0.00024729999131523073,0.005900299991481006,0.007202799984952435
5733fd66d058e614000b6735,French_and_Indian_War,bm25-0.25,0,ok,36348,9087,9080,9164,36432,0.0,0.11764705882352941,True,True,pipeline-v2,0.0001942999952007085,0.006811900006141514,0.007998799992492422
57340d124776f419006617c3,French_and_Indian_War,bm25-0.25,0,ok,36348,9087,9086,9193,36455,0.0,0.03636363636363636,False,True,pipeline-v2,0.000294400000711903,0.0061431999783962965,0.007485000009182841
5733f410d058e614000b6665,French_and_Indian_War,bm25-0.25,0,ok,36348,9087,9087,9170,36431,0.0,0.8387096774193549,True,True,pipeline-v2,0.00024789999588392675,0.00574570000753738,0.0069435999903362244
5733f7b9d058e614000b66ab,French_and_Indian_War,bm25-0.25,0,ok,36348,9087,9085,9186,36449,0.0,0.3333333333333333,True,True,pipeline-v2,0.0002601000014692545,0.0066611999936867505,0.008129100024234504
5733f9fa4776f4190066161f,French_and_Indian_War,bm25-0.25,0,ok,36348,9087,9082,9147,36413,0.0,0.0,False,True,pipeline-v2,0.0001936999906320125,0.005276300013065338,0.006341600004816428
5733dab4d058e614000b640b,French_and_Indian_War,bm25-0.25,0,ok,36348,9087,9083,9151,36416,0.0,0.0,False,False,pipeline-v2,0.0002482999989297241,0.0057410000008530915,0.006965500011574477
5734025d4776f419006616c5,French_and_Indian_War,bm25-0.25,0,ok,36348,9087,9076,9148,36420,0.0,0.5714285714285714,True,True,pipeline-v2,0.0002010999887716025,0.005666799988830462,0.006805599987274036
5733f9fa4776f41900661621,French_and_Indian_War,bm25-0.25,0,ok,36348,9087,9078,9168,36438,0.0,0.6666666666666666,True,True,pipeline-v2,0.0001914000022225082,0.006382999999914318,0.008205499994801357
57340a094776f4190066177d,French_and_Indian_War,bm25-0.25,0,ok,36348,9087,9076,9161,36433,0.0,0.0,False,True,pipeline-v2,0.0002049999893642962,0.0059160999953746796,0.007109500002115965
572944e03f37b319004781e2,Intergovernmental_Panel_on_Climate_Change,bm25-0.25,0,ok,19100,4775,4774,4862,19188,0.0,0.09090909090909091,True,True,pipeline-v2,0.00024279998615384102,0.0026880000077653676,0.003459400002611801
57293bc91d0469140077919d,Intergovernmental_Panel_on_Climate_Change,bm25-0.25,0,ok,19100,4775,4773,4843,19170,0.0,0.24,True,True,pipeline-v2,0.00011980000999756157,0.003070500009926036,0.003757500002393499
572943ab1d0469140077921b,Intergovernmental_Panel_on_Climate_Change,bm25-0.25,0,ok,19100,4775,4775,4873,19198,0.0,0.0,False,False,pipeline-v2,0.00013780000153928995,0.002870999975129962,0.003536699980031699
5729517d6aef051400154cca,Intergovernmental_Panel_on_Climate_Change,bm25-0.25,0,ok,19100,4775,4775,4864,19189,0.0,0.0,False,True,pipeline-v2,0.00013070000568404794,0.0025708999892231077,0.0032574000069871545
57294baaaf94a219006aa26b,Intergovernmental_Panel_on_Climate_Change,bm25-0.25,0,ok,19100,4775,4775,4872,19197,0.0,0.3728813559322034,True,True,pipeline-v2,0.00013440000475384295,0.002952100010588765,0.0036524000170174986
57294279af94a219006aa20b,Intergovernmental_Panel_on_Climate_Change,bm25-0.25,0,ok,19100,4775,4774,4863,19189,0.0,0.1875,False,False,pipeline-v2,0.00014930000179447234,0.002703200007090345,0.0033866000012494624
572951f16aef051400154cce,Intergovernmental_Panel_on_Climate_Change,bm25-0.25,0,ok,19100,4775,4775,4869,19194,0.0,0.05714285714285714,True,True,pipeline-v2,0.00015010000788606703,0.003160399995977059,0.0038741000171285123
5729506d6aef051400154cac,Intergovernmental_Panel_on_Climate_Change,bm25-0.25,0,ok,19100,4775,4775,4930,19255,0.0,0.08695652173913043,True,True,pipeline-v2,0.0001260999997612089,0.0036472000065259635,0.004561600013403222
57293e221d046914007791d5,Intergovernmental_Panel_on_Climate_Change,bm25-0.25,0,ok,19100,4775,4774,4912,19238,0.0,0.32558139534883723,True,True,pipeline-v2,0.00012810001499019563,0.0032894999894779176,0.004053400014527142
57293ca73f37b3190047815c,Intergovernmental_Panel_on_Climate_Change,bm25-0.25,0,ok,19100,4775,4774,4842,19168,0.0,0.13043478260869565,False,True,pipeline-v2,0.00015140001778490841,0.003132600017124787,0.0038306000060401857
57286010ff5b5019007da1cc,University_of_Chicago,neighbor0-0.5,0,ok,31983,15991,15990,16094,32087,0.0,0.2222222222222222,True,True,pipeline-v2,0.00021340002422221005,0.0058176000020466745,0.007776700018439442
572872dd2ca10214002da37e,University_of_Chicago,neighbor0-0.5,0,ok,31983,15991,15989,16059,32053,0.0,0.0,False,False,pipeline-v2,0.00019940000493079424,0.004970499983755872,0.006681700004264712
57286010ff5b5019007da1cd,University_of_Chicago,neighbor0-0.5,0,ok,31983,15991,15989,16055,32049,0.0,0.13333333333333333,True,True,pipeline-v2,0.0001799999736249447,0.005365799996070564,0.00700049998704344
57283db6ff5b5019007d9fbe,University_of_Chicago,neighbor0-0.5,0,ok,31983,15991,15991,16096,32088,0.0,0.42105263157894735,True,True,pipeline-v2,0.0002314999874215573,0.00609229999827221,0.008003299997653812
572847ff3acd2414000df869,University_of_Chicago,neighbor0-0.5,0,ok,31983,15991,15990,16091,32084,0.0,0.0,False,True,pipeline-v2,0.00017829998978413641,0.00742880001780577,0.00934889999916777
572870b2ff5b5019007da222,University_of_Chicago,neighbor0-0.5,0,ok,31983,15991,15989,16114,32108,0.0,0.21052631578947367,True,True,pipeline-v2,0.00018159998580813408,0.005688700010068715,0.00822739998693578
572843304b864d190016484b,University_of_Chicago,neighbor0-0.5,0,ok,31983,15991,15990,16061,32054,0.0,0.3333333333333333,True,True,pipeline-v2,0.00018350000027567148,0.0050879999762400985,0.006694199983030558
57284142ff5b5019007da00a,University_of_Chicago,neighbor0-0.5,0,ok,31983,15991,15990,16076,32069,0.0,0.0,False,True,pipeline-v2,0.00017439998919144273,0.005629899998893961,0.007545500004198402
57285213ff5b5019007da182,University_of_Chicago,neighbor0-0.5,0,ok,31983,15991,15990,16085,32078,0.0,0.0,False,True,pipeline-v2,0.00019679998513311148,0.005434799997601658,0.007256699987920001
57286ec63acd2414000df9d3,University_of_Chicago,neighbor0-0.5,0,ok,31983,15991,15990,16091,32084,0.0,0.0851063829787234,True,True,pipeline-v2,0.00021490000654011965,0.005444999987957999,0.007601600023917854
57287e512ca10214002da3fb,Yuan_dynasty,neighbor0-0.5,0,ok,45620,22810,22803,22883,45700,0.0,0.13333333333333333,True,True,pipeline-v2,0.0002727000101003796,0.010851600003661588,0.013887500012060627
572879574b864d1900164a14,Yuan_dynasty,neighbor0-0.5,0,ok,45620,22810,22810,22907,45717,0.0,0.18181818181818182,True,True,pipeline-v2,0.00028639999800361693,0.010922099987510592,0.014100699976552278
57287b4a4b864d1900164a28,Yuan_dynasty,neighbor0-0.5,0,ok,45620,22810,22803,22898,45715,0.0,0.16666666666666666,True,True,pipeline-v2,0.00025010001263581216,0.011434399988502264,0.014407800015760586
572860e03acd2414000df979,Yuan_dynasty,neighbor0-0.5,0,ok,45620,22810,22794,22863,45689,0.0,0.0,False,True,pipeline-v2,0.0002564000023994595,0.011004799976944923,0.013733900006627664
572885c44b864d1900164a7a,Yuan_dynasty,neighbor0-0.5,0,ok,45620,22810,22797,22873,45696,0.0,0.0,False,True,pipeline-v2,0.0003183000080753118,0.01097280002431944,0.01374329999089241
572872822ca10214002da375,Yuan_dynasty,neighbor0-0.5,0,ok,45620,22810,22810,22920,45730,0.0,0.0,False,True,pipeline-v2,0.0002665000210981816,0.011014999996405095,0.014065800001844764
57288428ff5b5019007da292,Yuan_dynasty,neighbor0-0.5,0,ok,45620,22810,22810,22882,45692,0.0,0.26666666666666666,True,True,pipeline-v2,0.00032909997389651835,0.009794400015380234,0.012787199986632913
5728809f2ca10214002da40d,Yuan_dynasty,neighbor0-0.5,0,ok,45620,22810,22805,22872,45687,0.0,0.6153846153846154,True,True,pipeline-v2,0.00028619999648071826,0.009610200009774417,0.012380800006212667
57287f6a3acd2414000dfa55,Yuan_dynasty,neighbor0-0.5,0,ok,45620,22810,22797,22889,45712,0.0,0.09090909090909091,True,True,pipeline-v2,0.0002544000162743032,0.010906399984378368,0.013914600014686584
572860e03acd2414000df977,Yuan_dynasty,neighbor0-0.5,0,ok,45620,22810,22783,22872,45709,0.0,0.0,False,True,pipeline-v2,0.0003050000232178718,0.010766999999759719,0.014043000002857298
5729f799af94a219006aa70a,Immune_system,neighbor0-0.5,0,ok,41014,20507,20496,20599,41117,0.0,0.0,False,True,pipeline-v2,0.00021970001398585737,0.008832599996821955,0.011320500023430213
5726f8abf1498d1400e8f166,Immune_system,neighbor0-0.5,0,ok,41014,20507,20507,20597,41104,0.0,0.7,True,True,pipeline-v2,0.0002929000183939934,0.008970300026703626,0.011939300020458177
5729f69caf94a219006aa6fb,Immune_system,neighbor0-0.5,0,ok,41014,20507,20506,20644,41152,0.0,0.10526315789473684,True,True,pipeline-v2,0.0002449000021442771,0.010077000013552606,0.013115800014929846
5729f1fcaf94a219006aa6d6,Immune_system,neighbor0-0.5,0,ok,41014,20507,20506,20634,41142,0.0,0.24242424242424243,True,True,pipeline-v2,0.00021990001550875604,0.009618099982617423,0.01249600001028739
5729f4b41d0469140077968d,Immune_system,neighbor0-0.5,0,ok,41014,20507,20505,20649,41158,0.0,0.11764705882352941,True,True,pipeline-v2,0.0002486000012140721,0.009870700014289469,0.01310929999453947
572900f73f37b31900477f6b,Immune_system,neighbor0-0.5,0,ok,41014,20507,20505,20623,41132,0.0,0.3333333333333333,True,True,pipeline-v2,0.00021919998107478023,0.008941000007325783,0.011567999987164512
572a07fc6aef0514001551dc,Immune_system,neighbor0-0.5,0,ok,41014,20507,20506,20619,41127,0.0,0.6666666666666666,True,True,pipeline-v2,0.0003149000112898648,0.008890800003428012,0.011707800003932789
572a12386aef051400155237,Immune_system,neighbor0-0.5,0,ok,41014,20507,20506,20635,41143,0.0,0.2857142857142857,True,True,pipeline-v2,0.00025939999613910913,0.009462399990297854,0.012190000008558854
5728f7774b864d1900165132,Immune_system,neighbor0-0.5,0,ok,41014,20507,20505,20614,41123,0.0,0.2,True,True,pipeline-v2,0.0002330999996047467,0.009500499989371747,0.012640000000828877
5728f6446aef0514001548e4,Immune_system,neighbor0-0.5,0,ok,41014,20507,20507,20607,41114,0.0,0.46153846153846156,True,True,pipeline-v2,0.00026000000070780516,0.009400200011441484,0.012164399988250807
57292449af94a219006aa0df,Kenya,neighbor0-0.5,0,ok,40122,20061,20060,20139,40201,0.0,0.4,True,True,pipeline-v2,0.0002641000028233975,0.009362500015413389,0.011953100009122863
5728fa576aef051400154922,Kenya,neighbor0-0.5,0,ok,40122,20061,20060,20132,40194,0.0,0.2,True,True,pipeline-v2,0.00030319998040795326,0.008669200004078448,0.011146699980599806
572918bd3f37b31900478018,Kenya,neighbor0-0.5,0,ok,40122,20061,20061,20151,40212,0.0,0.25,True,True,pipeline-v2,0.00021989998640492558,0.009478199994191527,0.012051999976392835
572913626aef051400154a30,Kenya,neighbor0-0.5,0,ok,40122,20061,20059,20137,40200,0.0,0.7857142857142857,True,True,pipeline-v2,0.0003420999855734408,0.00875050001195632,0.011178299988387153
572929d56aef051400154b0b,Kenya,neighbor0-0.5,0,ok,40122,20061,20060,20132,40194,0.0,0.7333333333333333,True,True,pipeline-v2,0.00026509998133406043,0.008614899998065084,0.010953099990729243
57291a7b1d04691400779040,Kenya,neighbor0-0.5,0,ok,40122,20061,20061,20134,40195,0.0,0.48,True,True,pipeline-v2,0.00025030001415871084,0.009371399995870888,0.01176700001815334
572906e23f37b31900477f8e,Kenya,neighbor0-0.5,0,ok,40122,20061,20059,20130,40193,0.0,0.5161290322580645,True,True,pipeline-v2,0.0002340999781154096,0.010332300007576123,0.01299819999258034
57291fb4af94a219006aa0b5,Kenya,neighbor0-0.5,0,ok,40122,20061,20060,20151,40213,0.0,0.42105263157894735,True,True,pipeline-v2,0.0003952000115532428,0.010433000017656013,0.013184600014938042
572926653f37b3190047807d,Kenya,neighbor0-0.5,0,ok,40122,20061,20058,20127,40191,0.0,0.08333333333333333,False,False,pipeline-v2,0.00026920001255348325,0.010301200003596023,0.012817600014386699
572903d96aef0514001549a7,Kenya,neighbor0-0.5,0,ok,40122,20061,20061,20156,40217,0.0,0.18181818181818182,True,True,pipeline-v2,0.0002280999906361103,0.01025870000012219,0.012998599995626137
5730b4282461fd1900a9cfc7,Imperialism,neighbor0-0.5,0,ok,35849,17924,17924,18021,35946,0.0,0.25806451612903225,True,True,pipeline-v2,0.00023060000967234373,0.006667900015600026,0.008836599998176098
573062662461fd1900a9cdf7,Imperialism,neighbor0-0.5,0,ok,35849,17924,17924,18007,35932,0.0,0.11764705882352941,True,True,pipeline-v2,0.00027749998844228685,0.006669399997917935,0.008855299995047972
5730876a396df9190009617e,Imperialism,neighbor0-0.5,0,ok,35849,17924,17923,18012,35938,0.0,0.06451612903225806,True,True,pipeline-v2,0.00024839999969117343,0.007456299994373694,0.009823500004131347
573092088ab72b1400f9c595,Imperialism,neighbor0-0.5,0,ok,35849,17924,17919,18011,35941,0.0,0.23529411764705882,True,True,pipeline-v2,0.00026240001898258924,0.007647500024177134,0.009949700004654005
5730876a396df9190009617b,Imperialism,neighbor0-0.5,0,ok,35849,17924,17923,18013,35939,0.0,0.05405405405405406,False,True,pipeline-v2,0.00025939999613910913,0.006857499975012615,0.009511599986581132
573083dc2461fd1900a9ce70,Imperialism,neighbor0-0.5,0,ok,35849,17924,17922,18027,35954,0.0,0.0,False,True,pipeline-v2,0.000235399988014251,0.007010200002696365,0.009222199994837865
5730ab63396df91900096262,Imperialism,neighbor0-0.5,0,ok,35849,17924,17924,18019,35944,0.0,0.1276595744680851,True,True,pipeline-v2,0.0002770999853964895,0.006832799990661442,0.008983399980934337
57309bfb8ab72b1400f9c5e7,Imperialism,neighbor0-0.5,0,ok,35849,17924,17923,18037,35963,0.0,0.08,False,True,pipeline-v2,0.00026390000130049884,0.007434200000716373,0.009894799994071946
5730b255396df919000962b0,Imperialism,neighbor0-0.5,0,ok,35849,17924,17923,18022,35948,0.0,0.25,True,True,pipeline-v2,0.00021769999875687063,0.006659199978457764,0.008836699998937547
573085ea8ab72b1400f9c550,Imperialism,neighbor0-0.5,0,ok,35849,17924,17922,17993,35920,0.0,0.8095238095238095,True,True,pipeline-v2,0.0003563000063877553,0.006926300004124641,0.009092200023587793
57273249f1498d1400e8f46e,Genghis_Khan,neighbor0-0.5,0,ok,41165,20582,20582,20735,41318,0.0,0.05714285714285714,True,True,pipeline-v2,0.00026110000908374786,0.010154499992495403,0.013951500004623085
572758c3dd62a815002e9b79,Genghis_Khan,neighbor0-0.5,0,ok,41165,20582,20579,20653,41239,0.0,0.5679012345679012,True,True,pipeline-v2,0.00026509998133406043,0.009207900002365932,0.011783599999034777
57273d06f1498d1400e8f4f9,Genghis_Khan,neighbor0-0.5,0,ok,41165,20582,20578,20672,41259,0.0,0.19047619047619047,True,True,pipeline-v2,0.00023170001804828644,0.009017999982461333,0.011550000024726614
5727580bf1498d1400e8f69a,Genghis_Khan,neighbor0-0.5,0,ok,41165,20582,20581,20709,41293,0.0,0.1,True,True,pipeline-v2,0.0002136999974027276,0.009919100004481152,0.012807999999495223
57273dccdd62a815002e99fb,Genghis_Khan,neighbor0-0.5,0,ok,41165,20582,20582,20697,41280,0.0,0.20833333333333334,True,True,pipeline-v2,0.00022680000984109938,0.009621800010791048,0.012536399997770786
5726ae32708984140094cdae,Genghis_Khan,neighbor0-0.5,0,ok,41165,20582,20582,20693,41276,0.0,0.23529411764705882,True,True,pipeline-v2,0.0002626999921631068,0.00941850000526756,0.012552999978652224
57272ce1f1498d1400e8f43d,Genghis_Khan,neighbor0-0.5,0,ok,41165,20582,20582,20690,41273,0.0,0.21052631578947367,True,True,pipeline-v2,0.00028319997363723814,0.009390599996550009,0.012186599982669577
57269e8a5951b619008f77f7,Genghis_Khan,neighbor0-0.5,0,ok,41165,20582,20581,20693,41277,0.0,0.05714285714285714,False,False,pipeline-v2,0.00023100001271814108,0.009572100010700524,0.012650599994231015
5727515af1498d1400e8f63c,Genghis_Khan,neighbor0-0.5,0,ok,41165,20582,20581,20713,41297,0.0,0.07142857142857142,True,True,pipeline-v2,0.00030280000646598637,0.009459099994273856,0.012452399998437613
5726c0c5dd62a815002e8f7a,Genghis_Khan,neighbor0-0.5,0,ok,41165,20582,20577,20672,41260,0.0,0.13793103448275862,True,True,pipeline-v2,0.00022409998928196728,0.009024800005136058,0.011674000008497387
57273c195951b619008f8722,American_Broadcasting_Company,neighbor0-0.5,0,ok,85500,42750,42748,42844,85596,0.0,0.0,False,True,pipeline-v2,0.000575500016566366,0.021454200003063306,0.026897400006419048
5727448b5951b619008f87a3,American_Broadcasting_Company,neighbor0-0.5,0,ok,85500,42750,42749,42871,85622,0.0,0.031746031746031744,True,True,pipeline-v2,0.00041310000233352184,0.02073530000052415,0.025676999997813255
57275f6ef1498d1400e8f708,American_Broadcasting_Company,neighbor0-0.5,0,ok,85500,42750,42748,42861,85613,0.0,0.13333333333333333,True,True,pipeline-v2,0.0004174000059720129,0.02229809999698773,0.027696100005414337
57267ca75951b619008f746b,American_Broadcasting_Company,neighbor0-0.5,0,ok,85500,42750,42748,42835,85587,0.0,0.0,False,True,pipeline-v2,0.0004573000187519938,0.020503100007772446,0.02540660000522621
57273c195951b619008f8723,American_Broadcasting_Company,neighbor0-0.5,0,ok,85500,42750,42749,42863,85614,0.0,0.0,False,True,pipeline-v2,0.000585700006922707,0.02154839999275282,0.027013300015823916
57273d19708984140094db3f,American_Broadcasting_Company,neighbor0-0.5,0,ok,85500,42750,42749,42848,85599,0.0,0.19047619047619047,True,True,pipeline-v2,0.00044750000233761966,0.02234719999250956,0.027356100006727502
5727436af1498d1400e8f55a,American_Broadcasting_Company,neighbor0-0.5,0,ok,85500,42750,42749,42838,85589,0.0,0.047619047619047616,True,True,pipeline-v2,0.0004401999758556485,0.02031870000064373,0.024922499986132607
5726efdbdd62a815002e95c6,American_Broadcasting_Company,neighbor0-0.5,0,ok,85500,42750,42750,42823,85573,0.0,0.0,False,True,pipeline-v2,0.0005261999904178083,0.020091599988518283,0.024705299991182983
57273abef1498d1400e8f4dc,American_Broadcasting_Company,neighbor0-0.5,0,ok,85500,42750,42750,42850,85600,0.0,0.18181818181818182,True,True,pipeline-v2,0.00048820002120919526,0.02223010000307113,0.02769280000939034
57273dbbf1498d1400e8f508,American_Broadcasting_Company,neighbor0-0.5,0,ok,85500,42750,42749,42846,85597,0.0,0.2222222222222222,True,True,pipeline-v2,0.0004023000074084848,0.020662899973103777,0.02555930000380613
5730b776069b5314008322bd,United_Methodist_Church,neighbor0-0.5,0,ok,41518,20759,20759,20881,41640,0.0,0.09090909090909091,True,True,pipeline-v2,0.00022059999173507094,0.009872399998130277,0.012768799992045388
5730982f396df919000961e5,United_Methodist_Church,neighbor0-0.5,0,ok,41518,20759,20759,20815,41574,0.0,0.0,False,True,pipeline-v2,0.0002579999854788184,0.008308499993290752,0.010821799980476499
5730eb5b497a881900248a43,United_Methodist_Church,neighbor0-0.5,0,ok,41518,20759,20759,20841,41600,0.0,0.18181818181818182,True,True,pipeline-v2,0.0002314999874215573,0.009168299991870299,0.011543499975232407
57309d31396df91900096213,United_Methodist_Church,neighbor0-0.5,0,ok,41518,20759,20759,20887,41646,0.0,0.6470588235294118,True,True,pipeline-v2,0.00045170000521466136,0.009527399990474805,0.01248999999370426
5730d523aca1c71400fe5b06,United_Methodist_Church,neighbor0-0.5,0,ok,41518,20759,20758,20869,41629,0.0,0.21428571428571427,True,True,pipeline-v2,0.00022530002752318978,0.009897700016153976,0.01256390000344254
5730b07c8ab72b1400f9c697,United_Methodist_Church,neighbor0-0.5,0,ok,41518,20759,20759,20864,41623,0.0,0.11428571428571428,True,True,pipeline-v2,0.0002406999992672354,0.00865389997488819,0.01159489998826757
57309d31396df91900096210,United_Methodist_Church,neighbor0-0.5,0,ok,41518,20759,20759,20878,41637,0.0,0.09302325581395349,True,True,pipeline-v2,0.00025549999554641545,0.009700599999632686,0.012354399979813024
5730bf03069b5314008322ed,United_Methodist_Church,neighbor0-0.5,0,ok,41518,20759,20759,20866,41625,0.0,0.14814814814814814,True,True,pipeline-v2,0.0002463000128045678,0.00980520001030527,0.012549000006401911
57309cd6069b5314008321c3,United_Methodist_Church,neighbor0-0.5,0,ok,41518,20759,20759,20867,41626,0.0,0.5555555555555556,True,True,pipeline-v2,0.0003414000093471259,0.008967000001575798,0.011695499997586012
5730b2ac2461fd1900a9cfb5,United_Methodist_Church,neighbor0-0.5,0,ok,41518,20759,20758,20875,41635,0.0,0.21621621621621623,True,True,pipeline-v2,0.00024160000612027943,0.008875999978045002,0.01162179998937063
5733f7b9d058e614000b66a9,French_and_Indian_War,neighbor0-0.5,0,ok,36348,18174,18168,18263,36443,0.0,0.375,True,True,pipeline-v2,0.00025549999554641545,0.008619200001703575,0.011041299992939457
5733fd66d058e614000b6735,French_and_Indian_War,neighbor0-0.5,0,ok,36348,18174,18163,18247,36432,0.0,0.11764705882352941,True,True,pipeline-v2,0.00022360001457855105,0.00721389998216182,0.010036199993919581
57340d124776f419006617c3,French_and_Indian_War,neighbor0-0.5,0,ok,36348,18174,18174,18281,36455,0.0,0.03636363636363636,False,True,pipeline-v2,0.00022419999004341662,0.007873499998822808,0.010359599982621148
5733f410d058e614000b6665,French_and_Indian_War,neighbor0-0.5,0,ok,36348,18174,18173,18256,36431,0.0,0.8387096774193549,True,True,pipeline-v2,0.0001990000018849969,0.007557100005215034,0.00976379998610355
5733f7b9d058e614000b66ab,French_and_Indian_War,neighbor0-0.5,0,ok,36348,18174,18159,18260,36449,0.0,0.3333333333333333,True,True,pipeline-v2,0.00024709998979233205,0.008056199993006885,0.01042299999971874
5733f9fa4776f4190066161f,French_and_Indian_War,neighbor0-0.5,0,ok,36348,18174,18171,18236,36413,0.0,0.0,False,True,pipeline-v2,0.0002179000002797693,0.006950700015295297,0.008956599980592728
5733dab4d058e614000b640b,French_and_Indian_War,neighbor0-0.5,0,ok,36348,18174,18170,18238,36416,0.0,0.0,False,True,pipeline-v2,0.00022509999689646065,0.006853700004285201,0.00892209997982718
5734025d4776f419006616c5,French_and_Indian_War,neighbor0-0.5,0,ok,36348,18174,18174,18246,36420,0.0,0.5714285714285714,True,True,pipeline-v2,0.00037620001239702106,0.007075199973769486,0.009339500014903024
5733f9fa4776f41900661621,French_and_Indian_War,neighbor0-0.5,0,ok,36348,18174,18164,18254,36438,0.0,0.09090909090909091,False,True,pipeline-v2,0.00021910000941716135,0.008595899998908862,0.010837000008905306
57340a094776f4190066177d,French_and_Indian_War,neighbor0-0.5,0,ok,36348,18174,18174,18259,36433,0.0,0.0,False,True,pipeline-v2,0.00023109998437575996,0.007812399999238551,0.010179600008996204
572944e03f37b319004781e2,Intergovernmental_Panel_on_Climate_Change,neighbor0-0.5,0,ok,19100,9550,9549,9637,19188,0.0,0.09090909090909091,True,True,pipeline-v2,0.0001449999981559813,0.0033024000003933907,0.004555799998342991
57293bc91d0469140077919d,Intergovernmental_Panel_on_Climate_Change,neighbor0-0.5,0,ok,19100,9550,9550,9620,19170,0.0,0.24,True,True,pipeline-v2,0.00013190001482143998,0.003383100003702566,0.005016400013118982
572943ab1d0469140077921b,Intergovernmental_Panel_on_Climate_Change,neighbor0-0.5,0,ok,19100,9550,9549,9647,19198,0.0,0.0,False,False,pipeline-v2,0.00012989999959245324,0.0033180000027641654,0.0045115000102669
5729517d6aef051400154cca,Intergovernmental_Panel_on_Climate_Change,neighbor0-0.5,0,ok,19100,9550,9549,9638,19189,0.0,0.0,False,True,pipeline-v2,0.000129100022604689,0.003045800025574863,0.004269800003385171
57294baaaf94a219006aa26b,Intergovernmental_Panel_on_Climate_Change,neighbor0-0.5,0,ok,19100,9550,9549,9646,19197,0.0,0.3728813559322034,True,True,pipeline-v2,0.00012810001499019563,0.0033224999788217247,0.00455900002270937
57294279af94a219006aa20b,Intergovernmental_Panel_on_Climate_Change,neighbor0-0.5,0,ok,19100,9550,9549,9638,19189,0.0,0.1875,False,False,pipeline-v2,0.00013539998326450586,0.0031581000075675547,0.00436479999916628
572951f16aef051400154cce,Intergovernmental_Panel_on_Climate_Change,neighbor0-0.5,0,ok,19100,9550,9550,9644,19194,0.0,0.05714285714285714,True,True,pipeline-v2,0.00013530001160688698,0.0034198999928776175,0.004633200005628169
5729506d6aef051400154cac,Intergovernmental_Panel_on_Climate_Change,neighbor0-0.5,0,ok,19100,9550,9550,9705,19255,0.0,0.08695652173913043,True,True,pipeline-v2,0.00015999999595806003,0.003380399983143434,0.004700999998021871
57293e221d046914007791d5,Intergovernmental_Panel_on_Climate_Change,neighbor0-0.5,0,ok,19100,9550,9548,9686,19238,0.0,0.32558139534883723,True,True,pipeline-v2,0.00013350002700462937,0.0034441000025253743,0.004807300021639094
57293ca73f37b3190047815c,Intergovernmental_Panel_on_Climate_Change,neighbor0-0.5,0,ok,19100,9550,9549,9617,19168,0.0,0.13043478260869565,False,True,pipeline-v2,0.0001233000075444579,0.003214800002751872,0.004550899990135804
57286010ff5b5019007da1cc,University_of_Chicago,neighbor2-0.5,0,ok,31983,15991,15991,16095,32087,0.0,0.2222222222222222,True,True,pipeline-v2,0.00018289999570697546,0.005588200001511723,0.007912900007795542
572872dd2ca10214002da37e,University_of_Chicago,neighbor2-0.5,0,ok,31983,15991,15986,16056,32053,0.0,0.0,False,False,pipeline-v2,0.0001860999909695238,0.005560799996601418,0.007359500013990328
57286010ff5b5019007da1cd,University_of_Chicago,neighbor2-0.5,0,ok,31983,15991,15990,16056,32049,0.0,0.13333333333333333,True,True,pipeline-v2,0.00017779998597688973,0.005091900005936623,0.007170099997892976
57283db6ff5b5019007d9fbe,University_of_Chicago,neighbor2-0.5,0,ok,31983,15991,15990,16095,32088,0.0,0.42105263157894735,True,True,pipeline-v2,0.00018309999722987413,0.005847599997650832,0.007741900015389547
572847ff3acd2414000df869,University_of_Chicago,neighbor2-0.5,0,ok,31983,15991,15989,16090,32084,0.0,0.0,False,True,pipeline-v2,0.00037480000173673034,0.005903400015085936,0.008115699980407953
572870b2ff5b5019007da222,University_of_Chicago,neighbor2-0.5,0,ok,31983,15991,15986,16111,32108,0.0,0.21052631578947367,True,True,pipeline-v2,0.0001821999903768301,0.005867800005944446,0.008025499992072582
572843304b864d190016484b,University_of_Chicago,neighbor2-0.5,0,ok,31983,15991,15990,16061,32054,0.0,0.3333333333333333,True,True,pipeline-v2,0.00022749998606741428,0.005528999987291172,0.007324799982598051
57284142ff5b5019007da00a,University_of_Chicago,neighbor2-0.5,0,ok,31983,15991,15989,16075,32069,0.0,0.0,False,True,pipeline-v2,0.00024320001830346882,0.005623200006084517,0.007985700009157881
57285213ff5b5019007da182,University_of_Chicago,neighbor2-0.5,0,ok,31983,15991,15991,16086,32078,0.0,0.0,False,True,pipeline-v2,0.00019320001592859626,0.005650699982652441,0.007611600012751296
57286ec63acd2414000df9d3,University_of_Chicago,neighbor2-0.5,0,ok,31983,15991,15991,16092,32084,0.0,0.0,False,True,pipeline-v2,0.00020160002168267965,0.005185200017876923,0.006992900016484782
57287e512ca10214002da3fb,Yuan_dynasty,neighbor2-0.5,0,ok,45620,22810,22799,22879,45700,0.0,0.13333333333333333,True,True,pipeline-v2,0.00033149999217130244,0.011017499986337498,0.014108799980022013
572879574b864d1900164a14,Yuan_dynasty,neighbor2-0.5,0,ok,45620,22810,22809,22906,45717,0.0,0.18181818181818182,True,True,pipeline-v2,0.000294400000711903,0.011636400013230741,0.014835200010566041
57287b4a4b864d1900164a28,Yuan_dynasty,neighbor2-0.5,0,ok,45620,22810,22804,22899,45715,0.0,0.16666666666666666,True,True,pipeline-v2,0.00029700002050958574,0.010732299997471273,0.013812100020004436
572860e03acd2414000df979,Yuan_dynasty,neighbor2-0.5,0,ok,45620,22810,22808,22877,45689,0.0,0.0,False,True,pipeline-v2,0.0002564000023994595,0.0101491000095848,0.012922800000524148
572885c44b864d1900164a7a,Yuan_dynasty,neighbor2-0.5,0,ok,45620,22810,22804,22880,45696,0.0,0.0,False,True,pipeline-v2,0.0002905000001192093,0.010401800012914464,0.013219999993452802
572872822ca10214002da375,Yuan_dynasty,neighbor2-0.5,0,ok,45620,22810,22792,22902,45730,0.0,0.0,False,True,pipeline-v2,0.00038750001112930477,0.011322200007271022,0.014852599997539073
57288428ff5b5019007da292,Yuan_dynasty,neighbor2-0.5,0,ok,45620,22810,22797,22869,45692,0.0,0.26666666666666666,True,True,pipeline-v2,0.00028730000485666096,0.010564900003373623,0.013577999983681366
5728809f2ca10214002da40d,Yuan_dynasty,neighbor2-0.5,0,ok,45620,22810,22806,22873,45687,0.0,0.6153846153846154,True,True,pipeline-v2,0.00024070002837106586,0.0098143000213895,0.01264560001436621
57287f6a3acd2414000dfa55,Yuan_dynasty,neighbor2-0.5,0,ok,45620,22810,22783,22875,45712,0.0,0.09090909090909091,True,True,pipeline-v2,0.00026870000874623656,0.010719999991124496,0.014168099995004013
572860e03acd2414000df977,Yuan_dynasty,neighbor2-0.5,0,ok,45620,22810,22801,22890,45709,0.0,0.0,False,True,pipeline-v2,0.000277700019069016,0.010706699977163225,0.013655000017024577
5729f799af94a219006aa70a,Immune_system,neighbor2-0.5,0,ok,41014,20507,20499,20602,41117,0.0,0.0,False,True,pipeline-v2,0.0002471000188961625,0.009106700017582625,0.012065200018696487
5726f8abf1498d1400e8f166,Immune_system,neighbor2-0.5,0,ok,41014,20507,20503,20593,41104,0.0,0.7,True,True,pipeline-v2,0.00021930001094006002,0.009106100013013929,0.011770099983550608
5729f69caf94a219006aa6fb,Immune_system,neighbor2-0.5,0,ok,41014,20507,20505,20643,41152,0.0,0.10526315789473684,True,True,pipeline-v2,0.0002235999854747206,0.009858000004896894,0.013021599996136501
5729f1fcaf94a219006aa6d6,Immune_system,neighbor2-0.5,0,ok,41014,20507,20498,20626,41142,0.0,0.24242424242424243,True,True,pipeline-v2,0.00024270001449622214,0.009683200012659654,0.01297440001508221
5729f4b41d0469140077968d,Immune_system,neighbor2-0.5,0,ok,41014,20507,20506,20650,41158,0.0,0.11764705882352941,True,True,pipeline-v2,0.0002133999951183796,0.01017110000248067,0.013411299994913861
572900f73f37b31900477f6b,Immune_system,neighbor2-0.5,0,ok,41014,20507,20503,20621,41132,0.0,0.3333333333333333,True,True,pipeline-v2,0.00022089999401941895,0.009079700015718117,0.011696900008246303
572a07fc6aef0514001551dc,Immune_system,neighbor2-0.5,0,ok,41014,20507,20483,20596,41127,0.0,0.6666666666666666,True,True,pipeline-v2,0.0002631999959703535,0.009627000021282583,0.012791699991794303
572a12386aef051400155237,Immune_system,neighbor2-0.5,0,ok,41014,20507,20507,20636,41143,0.0,0.2857142857142857,True,True,pipeline-v2,0.00026130001060664654,0.010652899974957108,0.013502299989340827
5728f7774b864d1900165132,Immune_system,neighbor2-0.5,0,ok,41014,20507,20506,20615,41123,0.0,0.2,True,True,pipeline-v2,0.0002376000047661364,0.010171799978706986,0.013129500002833083
5728f6446aef0514001548e4,Immune_system,neighbor2-0.5,0,ok,41014,20507,20507,20607,41114,0.0,0.46153846153846156,True,True,pipeline-v2,0.00028420001035556197,0.00992669997503981,0.012671300006331876
57292449af94a219006aa0df,Kenya,neighbor2-0.5,0,ok,40122,20061,20061,20140,40201,0.0,0.4,True,True,pipeline-v2,0.000322199979564175,0.00964509998448193,0.012881599977845326
5728fa576aef051400154922,Kenya,neighbor2-0.5,0,ok,40122,20061,20059,20131,40194,0.0,0.2,True,True,pipeline-v2,0.00022000001627020538,0.009200399974361062,0.011583700019400567
572918bd3f37b31900478018,Kenya,neighbor2-0.5,0,ok,40122,20061,20056,20146,40212,0.0,0.25,True,True,pipeline-v2,0.00027180000324733555,0.009889000008115545,0.012592399987624958
572913626aef051400154a30,Kenya,neighbor2-0.5,0,ok,40122,20061,20058,20136,40200,0.0,0.7857142857142857,True,True,pipeline-v2,0.0002584999892860651,0.009147300006588921,0.01145120000001043
572929d56aef051400154b0b,Kenya,neighbor2-0.5,0,ok,40122,20061,20060,20132,40194,0.0,0.7333333333333333,True,True,pipeline-v2,0.0002536000101827085,0.00966879999032244,0.012025500007439405
57291a7b1d04691400779040,Kenya,neighbor2-0.5,0,ok,40122,20061,20061,20134,40195,0.0,0.48,True,True,pipeline-v2,0.0002612999815028161,0.009792800003197044,0.01230760000180453
572906e23f37b31900477f8e,Kenya,neighbor2-0.5,0,ok,40122,20061,20060,20131,40193,0.0,0.5161290322580645,True,True,pipeline-v2,0.000218700006371364,0.009758699976373464,0.012251000007381663
57291fb4af94a219006aa0b5,Kenya,neighbor2-0.5,0,ok,40122,20061,20061,20152,40213,0.0,0.42105263157894735,True,True,pipeline-v2,0.00031609999132342637,0.009526299982098863,0.012352399993687868
572926653f37b3190047807d,Kenya,neighbor2-0.5,0,ok,40122,20061,20054,20123,40191,0.0,0.08333333333333333,False,False,pipeline-v2,0.0002480999974068254,0.008713699993677437,0.010992800001986325
572903d96aef0514001549a7,Kenya,neighbor2-0.5,0,ok,40122,20061,20057,20152,40217,0.0,0.18181818181818182,True,True,pipeline-v2,0.00027570000384002924,0.01047499998821877,0.013990600011311471
5730b4282461fd1900a9cfc7,Imperialism,neighbor2-0.5,0,ok,35849,17924,17924,18021,35946,0.0,0.25806451612903225,True,True,pipeline-v2,0.0002232000115327537,0.007329599990043789,0.00963330001104623
573062662461fd1900a9cdf7,Imperialism,neighbor2-0.5,0,ok,35849,17924,17922,18005,35932,0.0,0.11764705882352941,True,True,pipeline-v2,0.00021109997760504484,0.006917299993801862,0.00905409999541007
5730876a396df9190009617e,Imperialism,neighbor2-0.5,0,ok,35849,17924,17922,18011,35938,0.0,0.0,False,True,pipeline-v2,0.00023560001864098012,0.007450600009178743,0.009711699996842071
573092088ab72b1400f9c595,Imperialism,neighbor2-0.5,0,ok,35849,17924,17911,18003,35941,0.0,0.23529411764705882,True,True,pipeline-v2,0.0002080000122077763,0.007155899977078661,0.009429600002476946
5730876a396df9190009617b,Imperialism,neighbor2-0.5,0,ok,35849,17924,17913,18003,35939,0.0,0.05405405405405406,False,True,pipeline-v2,0.00019920000340789557,0.007175799983087927,0.009420399990631267
573083dc2461fd1900a9ce70,Imperialism,neighbor2-0.5,0,ok,35849,17924,17924,18029,35954,0.0,0.0,False,True,pipeline-v2,0.0002004999842029065,0.007225100009236485,0.009466399991651997
5730ab63396df91900096262,Imperialism,neighbor2-0.5,0,ok,35849,17924,17901,17996,35944,0.0,0.1276595744680851,True,True,pipeline-v2,0.00020780001068487763,0.007372799998847768,0.00957560000824742
57309bfb8ab72b1400f9c5e7,Imperialism,neighbor2-0.5,0,ok,35849,17924,17917,18031,35963,0.0,0.08,False,True,pipeline-v2,0.0002342000079806894,0.0076139000011608005,0.010123999993083999
5730b255396df919000962b0,Imperialism,neighbor2-0.5,0,ok,35849,17924,17923,18022,35948,0.0,0.25,True,True,pipeline-v2,0.0002700999903026968,0.0076812000188510865,0.010079900006530806
573085ea8ab72b1400f9c550,Imperialism,neighbor2-0.5,0,ok,35849,17924,17909,17980,35920,0.0,0.8095238095238095,True,True,pipeline-v2,0.00022230000467970967,0.006779399991501123,0.008906200004275888
57273249f1498d1400e8f46e,Genghis_Khan,neighbor2-0.5,0,ok,41165,20582,20575,20728,41318,0.0,0.05714285714285714,True,True,pipeline-v2,0.00022849999368190765,0.01068680000025779,0.013928400003351271
572758c3dd62a815002e9b79,Genghis_Khan,neighbor2-0.5,0,ok,41165,20582,20567,20641,41239,0.0,0.5679012345679012,True,True,pipeline-v2,0.00023780000628903508,0.009445699979551136,0.012222199991811067
57273d06f1498d1400e8f4f9,Genghis_Khan,neighbor2-0.5,0,ok,41165,20582,20580,20674,41259,0.0,0.19047619047619047,True,True,pipeline-v2,0.000215300009585917,0.008858899993356317,0.011370799998985603
5727580bf1498d1400e8f69a,Genghis_Khan,neighbor2-0.5,0,ok,41165,20582,20569,20697,41293,0.0,0.1,True,True,pipeline-v2,0.00025610000011511147,0.009827000001678243,0.012998899997910485
57273dccdd62a815002e99fb,Genghis_Khan,neighbor2-0.5,0,ok,41165,20582,20576,20691,41280,0.0,0.20833333333333334,True,True,pipeline-v2,0.00029349999385885894,0.009940899995854124,0.013130200008163229
5726ae32708984140094cdae,Genghis_Khan,neighbor2-0.5,0,ok,41165,20582,20582,20693,41276,0.0,0.23529411764705882,True,True,pipeline-v2,0.0002604000037536025,0.009881399979349226,0.013443700008792803
57272ce1f1498d1400e8f43d,Genghis_Khan,neighbor2-0.5,0,ok,41165,20582,20571,20679,41273,0.0,0.21052631578947367,True,True,pipeline-v2,0.00021919998107478023,0.009851799986790866,0.01267509997705929
57269e8a5951b619008f77f7,Genghis_Khan,neighbor2-0.5,0,ok,41165,20582,20579,20691,41277,0.0,0.05714285714285714,False,False,pipeline-v2,0.0002423000114504248,0.010247600002912804,0.013459800014970824
5727515af1498d1400e8f63c,Genghis_Khan,neighbor2-0.5,0,ok,41165,20582,20580,20712,41297,0.0,0.07142857142857142,True,True,pipeline-v2,0.00024580000899732113,0.009761100023752078,0.012745299987727776
5726c0c5dd62a815002e8f7a,Genghis_Khan,neighbor2-0.5,0,ok,41165,20582,20575,20670,41260,0.0,0.13793103448275862,True,True,pipeline-v2,0.0002638000005390495,0.009191499993903562,0.01187799999024719
57273c195951b619008f8722,American_Broadcasting_Company,neighbor2-0.5,0,ok,85500,42750,42749,42845,85596,0.0,0.0,False,True,pipeline-v2,0.000463999982457608,0.02360029998817481,0.029651799995917827
5727448b5951b619008f87a3,American_Broadcasting_Company,neighbor2-0.5,0,ok,85500,42750,42749,42871,85622,0.0,0.031746031746031744,True,True,pipeline-v2,0.0004758999857585877,0.023015700018731877,0.02886759999091737
57275f6ef1498d1400e8f708,American_Broadcasting_Company,neighbor2-0.5,0,ok,85500,42750,42749,42862,85613,0.0,0.13333333333333333,True,True,pipeline-v2,0.000767599995015189,0.02593980001984164,0.03196249998291023
57267ca75951b619008f746b,American_Broadcasting_Company,neighbor2-0.5,0,ok,85500,42750,42749,42836,85587,0.0,0.0,False,True,pipeline-v2,0.00040160000207833946,0.02244339999742806,0.027363500004867092
57273c195951b619008f8723,American_Broadcasting_Company,neighbor2-0.5,0,ok,85500,42750,42748,42862,85614,0.0,0.0,False,True,pipeline-v2,0.00048600000445730984,0.022903499979292974,0.028570700000273064
57273d19708984140094db3f,American_Broadcasting_Company,neighbor2-0.5,0,ok,85500,42750,42750,42849,85599,0.0,0.19047619047619047,True,True,pipeline-v2,0.0004298999847378582,0.022974299994530156,0.028288499976042658
5727436af1498d1400e8f55a,American_Broadcasting_Company,neighbor2-0.5,0,ok,85500,42750,42750,42839,85589,0.0,0.047619047619047616,True,True,pipeline-v2,0.00041280000004917383,0.021557800006121397,0.02655760000925511
5726efdbdd62a815002e95c6,American_Broadcasting_Company,neighbor2-0.5,0,ok,85500,42750,42750,42823,85573,0.0,0.0,False,True,pipeline-v2,0.0004942000086884946,0.023129699984565377,0.028618000011192635
57273abef1498d1400e8f4dc,American_Broadcasting_Company,neighbor2-0.5,0,ok,85500,42750,42750,42850,85600,0.0,0.18181818181818182,True,True,pipeline-v2,0.00044329999946057796,0.026222599990433082,0.032313100004103035
57273dbbf1498d1400e8f508,American_Broadcasting_Company,neighbor2-0.5,0,ok,85500,42750,42749,42846,85597,0.0,0.2222222222222222,True,True,pipeline-v2,0.000742600008379668,0.028959799994481727,0.03600860000005923
5730b776069b5314008322bd,United_Methodist_Church,neighbor2-0.5,0,ok,41518,20759,20758,20880,41640,0.0,0.09090909090909091,True,True,pipeline-v2,0.00041290000081062317,0.011419499991461635,0.014740199985681102
5730982f396df919000961e5,United_Methodist_Church,neighbor2-0.5,0,ok,41518,20759,20758,20814,41574,0.0,0.0,False,True,pipeline-v2,0.000301499996567145,0.00951329999952577,0.012284700002055615
5730eb5b497a881900248a43,United_Methodist_Church,neighbor2-0.5,0,ok,41518,20759,20759,20841,41600,0.0,0.18181818181818182,True,True,pipeline-v2,0.00024350002058781683,0.010320099972886965,0.013168900011805817
57309d31396df91900096213,United_Methodist_Church,neighbor2-0.5,0,ok,41518,20759,20759,20887,41646,0.0,0.6470588235294118,True,True,pipeline-v2,0.0006622999790124595,0.012267000012798235,0.015932699985569343
5730d523aca1c71400fe5b06,United_Methodist_Church,neighbor2-0.5,0,ok,41518,20759,20758,20869,41629,0.0,0.21428571428571427,True,True,pipeline-v2,0.00023899998632259667,0.01079639999079518,0.014032500010216609
5730b07c8ab72b1400f9c697,United_Methodist_Church,neighbor2-0.5,0,ok,41518,20759,20758,20863,41623,0.0,0.11428571428571428,True,True,pipeline-v2,0.0002502000133972615,0.011032500013243407,0.014331899990793318
57309d31396df91900096210,United_Methodist_Church,neighbor2-0.5,0,ok,41518,20759,20759,20878,41637,0.0,0.09302325581395349,True,True,pipeline-v2,0.00023089998285286129,0.010261799994623289,0.013010299997404218
5730bf03069b5314008322ed,United_Methodist_Church,neighbor2-0.5,0,ok,41518,20759,20759,20866,41625,0.0,0.14814814814814814,True,True,pipeline-v2,0.000281400018138811,0.010435200005304068,0.013453999999910593
57309cd6069b5314008321c3,United_Methodist_Church,neighbor2-0.5,0,ok,41518,20759,20758,20866,41626,0.0,0.5555555555555556,True,True,pipeline-v2,0.0003367000026628375,0.01018459998886101,0.013225600006990135
5730b2ac2461fd1900a9cfb5,United_Methodist_Church,neighbor2-0.5,0,ok,41518,20759,20758,20875,41635,0.0,0.21621621621621623,True,True,pipeline-v2,0.0002500999835319817,0.010868400015169755,0.01474489999236539
5733f7b9d058e614000b66a9,French_and_Indian_War,neighbor2-0.5,0,ok,36348,18174,18167,18262,36443,0.0,0.375,True,True,pipeline-v2,0.0002111000067088753,0.00846300000557676,0.010761899990029633
5733fd66d058e614000b6735,French_and_Indian_War,neighbor2-0.5,0,ok,36348,18174,18171,18255,36432,0.0,0.11764705882352941,True,True,pipeline-v2,0.00024419999681413174,0.0077006999927107245,0.009992500010412186
57340d124776f419006617c3,French_and_Indian_War,neighbor2-0.5,0,ok,36348,18174,18167,18274,36455,0.0,0.03636363636363636,False,True,pipeline-v2,0.00022209997405298054,0.0076926000183448195,0.010267199977533892
5733f410d058e614000b6665,French_and_Indian_War,neighbor2-0.5,0,ok,36348,18174,18166,18249,36431,0.0,0.8387096774193549,True,True,pipeline-v2,0.0002795000036712736,0.006734299997333437,0.008948100003181025
5733f7b9d058e614000b66ab,French_and_Indian_War,neighbor2-0.5,0,ok,36348,18174,18173,18274,36449,0.0,0.3333333333333333,True,True,pipeline-v2,0.0002069000038318336,0.0076997000142000616,0.010037999978521839
5733f9fa4776f4190066161f,French_and_Indian_War,neighbor2-0.5,0,ok,36348,18174,18173,18238,36413,0.0,0.0,False,True,pipeline-v2,0.00024209998082369566,0.007331400003749877,0.009312899986980483
5733dab4d058e614000b640b,French_and_Indian_War,neighbor2-0.5,0,ok,36348,18174,18168,18236,36416,0.0,0.0,False,False,pipeline-v2,0.0001990000018849969,0.007217699981993064,0.009413899999344721
5734025d4776f419006616c5,French_and_Indian_War,neighbor2-0.5,0,ok,36348,18174,18161,18233,36420,0.0,0.5714285714285714,True,True,pipeline-v2,0.00020909999147988856,0.0074970999849028885,0.00961999999708496
5733f9fa4776f41900661621,French_and_Indian_War,neighbor2-0.5,0,ok,36348,18174,18170,18260,36438,0.0,0.6666666666666666,True,True,pipeline-v2,0.00033969999640248716,0.008075700025074184,0.010409499984234571
57340a094776f4190066177d,French_and_Indian_War,neighbor2-0.5,0,ok,36348,18174,18174,18259,36433,0.0,0.0,False,True,pipeline-v2,0.00022319998242892325,0.007349099993007258,0.009499299980234355
572944e03f37b319004781e2,Intergovernmental_Panel_on_Climate_Change,neighbor2-0.5,0,ok,19100,9550,9547,9635,19188,0.0,0.09090909090909091,True,True,pipeline-v2,0.00014819999341852963,0.0031180999940261245,0.004439700016519055
57293bc91d0469140077919d,Intergovernmental_Panel_on_Climate_Change,neighbor2-0.5,0,ok,19100,9550,9550,9620,19170,0.0,0.24,True,True,pipeline-v2,0.0001303000026382506,0.002989699976751581,0.004454599984455854
572943ab1d0469140077921b,Intergovernmental_Panel_on_Climate_Change,neighbor2-0.5,0,ok,19100,9550,9537,9635,19198,0.0,0.0,False,True,pipeline-v2,0.00012890002108179033,0.003053899999940768,0.004262400005245581
5729517d6aef051400154cca,Intergovernmental_Panel_on_Climate_Change,neighbor2-0.5,0,ok,19100,9550,9542,9631,19189,0.0,0.0,False,True,pipeline-v2,0.00014819999341852963,0.0030510999786201864,0.004430799977853894
57294baaaf94a219006aa26b,Intergovernmental_Panel_on_Climate_Change,neighbor2-0.5,0,ok,19100,9550,9544,9641,19197,0.0,0.3728813559322034,True,True,pipeline-v2,0.000162499985890463,0.0032651000074110925,0.004590199998347089
57294279af94a219006aa20b,Intergovernmental_Panel_on_Climate_Change,neighbor2-0.5,0,ok,19100,9550,9549,9638,19189,0.0,0.1875,False,False,pipeline-v2,0.00013410000246949494,0.0031072999991010875,0.004348700022092089
572951f16aef051400154cce,Intergovernmental_Panel_on_Climate_Change,neighbor2-0.5,0,ok,19100,9550,9548,9642,19194,0.0,0.05714285714285714,True,True,pipeline-v2,0.0001590000174473971,0.003262400015955791,0.0051429000159259886
5729506d6aef051400154cac,Intergovernmental_Panel_on_Climate_Change,neighbor2-0.5,0,ok,19100,9550,9548,9703,19255,0.0,0.08695652173913043,True,True,pipeline-v2,0.0001404000213369727,0.003725499991560355,0.005150400014827028
57293e221d046914007791d5,Intergovernmental_Panel_on_Climate_Change,neighbor2-0.5,0,ok,19100,9550,9549,9687,19238,0.0,0.32558139534883723,True,True,pipeline-v2,0.00013040000339969993,0.003466199996182695,0.0048349999997299165
57293ca73f37b3190047815c,Intergovernmental_Panel_on_Climate_Change,neighbor2-0.5,0,ok,19100,9550,9550,9618,19168,0.0,0.13043478260869565,False,True,pipeline-v2,0.00012539999443106353,0.0031989999988581985,0.004655299999285489
57286010ff5b5019007da1cc,University_of_Chicago,head-0.5,0,ok,31983,15991,15991,16095,32087,0.0,0.0,False,False,pipeline-v2,0.00023070001043379307,0.004180599993560463,0.006064799992600456
572872dd2ca10214002da37e,University_of_Chicago,head-0.5,0,ok,31983,15991,15991,16061,32053,0.0,0.0,False,False,pipeline-v2,0.00023209999199025333,0.004207999998470768,0.005988299992168322
57286010ff5b5019007da1cd,University_of_Chicago,head-0.5,0,ok,31983,15991,15991,16057,32049,0.0,0.0,False,False,pipeline-v2,0.00018090000958181918,0.003319799987366423,0.004919200000585988
57283db6ff5b5019007d9fbe,University_of_Chicago,head-0.5,0,ok,31983,15991,15991,16096,32088,0.0,0.42105263157894735,True,True,pipeline-v2,0.00018110001110471785,0.003934599983040243,0.005737200001021847
572847ff3acd2414000df869,University_of_Chicago,head-0.5,0,ok,31983,15991,15991,16092,32084,0.0,0.0,False,True,pipeline-v2,0.0001860999909695238,0.0045338000054471195,0.0065067999821621925
572870b2ff5b5019007da222,University_of_Chicago,head-0.5,0,ok,31983,15991,15991,16116,32108,0.0,0.0,False,True,pipeline-v2,0.0002237000153400004,0.004916900012176484,0.007317899988265708
572843304b864d190016484b,University_of_Chicago,head-0.5,0,ok,31983,15991,15991,16062,32054,0.0,0.3333333333333333,True,True,pipeline-v2,0.00018620002083480358,0.0040222999814432114,0.005702200025552884
57284142ff5b5019007da00a,University_of_Chicago,head-0.5,0,ok,31983,15991,15991,16077,32069,0.0,0.0,False,True,pipeline-v2,0.00024690001737326384,0.004465400008484721,0.0075351000123191625
57285213ff5b5019007da182,University_of_Chicago,head-0.5,0,ok,31983,15991,15991,16086,32078,0.0,0.0,False,True,pipeline-v2,0.0001799000019673258,0.004978699987987056,0.00707459999830462
57286ec63acd2414000df9d3,University_of_Chicago,head-0.5,0,ok,31983,15991,15991,16092,32084,0.0,0.0,False,False,pipeline-v2,0.00022440002067014575,0.004857599997194484,0.00741990000824444
57287e512ca10214002da3fb,Yuan_dynasty,head-0.5,0,ok,45620,22810,22667,22747,45700,0.0,0.0,False,False,pipeline-v2,0.00030189999961294234,0.009103500022320077,0.013123500015353784
572879574b864d1900164a14,Yuan_dynasty,head-0.5,0,ok,45620,22810,22667,22764,45717,0.0,0.18181818181818182,True,True,pipeline-v2,0.0002623000182211399,0.008540799986803904,0.012155400007031858
57287b4a4b864d1900164a28,Yuan_dynasty,head-0.5,0,ok,45620,22810,22667,22762,45715,0.0,0.16666666666666666,True,True,pipeline-v2,0.0006025999900884926,0.008878499997081235,0.013525999995181337
572860e03acd2414000df979,Yuan_dynasty,head-0.5,0,ok,45620,22810,22667,22736,45689,0.0,0.0,False,True,pipeline-v2,0.0003226999833714217,0.00823609999497421,0.012112999975215644
572885c44b864d1900164a7a,Yuan_dynasty,head-0.5,0,ok,45620,22810,22667,22743,45696,0.0,0.0,False,True,pipeline-v2,0.0002581999870017171,0.0074545000097714365,0.011306100001093
572872822ca10214002da375,Yuan_dynasty,head-0.5,0,ok,45620,22810,22667,22777,45730,0.0,0.0,False,True,pipeline-v2,0.0002786999975796789,0.008951700001489371,0.012848100013798103
57288428ff5b5019007da292,Yuan_dynasty,head-0.5,0,ok,45620,22810,22667,22739,45692,0.0,0.13333333333333333,False,False,pipeline-v2,0.00024310001754201949,0.007509200018830597,0.01072099999873899
5728809f2ca10214002da40d,Yuan_dynasty,head-0.5,0,ok,45620,22810,22667,22734,45687,0.0,0.0,False,False,pipeline-v2,0.00034020000020973384,0.007316500006709248,0.010241300013149157
57287f6a3acd2414000dfa55,Yuan_dynasty,head-0.5,0,ok,45620,22810,22667,22759,45712,0.0,0.0,False,False,pipeline-v2,0.0002860999957192689,0.008328900003107265,0.011711900006048381
572860e03acd2414000df977,Yuan_dynasty,head-0.5,0,ok,45620,22810,22667,22756,45709,0.0,0.26666666666666666,True,True,pipeline-v2,0.00028979999478906393,0.007905599981313571,0.011090999993029982
5729f799af94a219006aa70a,Immune_system,head-0.5,0,ok,41014,20507,20470,20573,41117,0.0,0.0,False,True,pipeline-v2,0.00024679998750798404,0.006495100009487942,0.009001800004625693
5726f8abf1498d1400e8f166,Immune_system,head-0.5,0,ok,41014,20507,20470,20560,41104,0.0,0.7,True,True,pipeline-v2,0.00025549999554641545,0.006114899995736778,0.008637799997814
5729f69caf94a219006aa6fb,Immune_system,head-0.5,0,ok,41014,20507,20470,20608,41152,0.0,0.0,False,True,pipeline-v2,0.00024280001525767148,0.007417499989969656,0.010367200011387467
5729f1fcaf94a219006aa6d6,Immune_system,head-0.5,0,ok,41014,20507,20470,20598,41142,0.0,0.24242424242424243,True,True,pipeline-v2,0.0002804000105243176,0.007488699979148805,0.010532000014791265
5729f4b41d0469140077968d,Immune_system,head-0.5,0,ok,41014,20507,20470,20614,41158,0.0,0.11764705882352941,True,True,pipeline-v2,0.000225800002226606,0.007495900004869327,0.010597699991194531
572900f73f37b31900477f6b,Immune_system,head-0.5,0,ok,41014,20507,20470,20588,41132,0.0,0.3333333333333333,True,True,pipeline-v2,0.00021890000789426267,0.006296100007602945,0.009089400002267212
572a07fc6aef0514001551dc,Immune_system,head-0.5,0,ok,41014,20507,20470,20583,41127,0.0,0.06451612903225806,False,False,pipeline-v2,0.0002496000088285655,0.00644050000119023,0.009134599997196347
572a12386aef051400155237,Immune_system,head-0.5,0,ok,41014,20507,20470,20599,41143,0.0,0.06896551724137931,False,False,pipeline-v2,0.00021649998961947858,0.006466599996201694,0.009267000015825033
5728f7774b864d1900165132,Immune_system,head-0.5,0,ok,41014,20507,20470,20579,41123,0.0,0.2,True,True,pipeline-v2,0.00026050000451505184,0.007133500010240823,0.009956300025805831
5728f6446aef0514001548e4,Immune_system,head-0.5,0,ok,41014,20507,20470,20570,41114,0.0,0.46153846153846156,True,True,pipeline-v2,0.00025660000392235816,0.006465599988587201,0.009389300015754998
57292449af94a219006aa0df,Kenya,head-0.5,0,ok,40122,20061,19970,20049,40201,0.0,0.0,False,False,pipeline-v2,0.00030980000155977905,0.0064289000001735985,0.008935000019846484
5728fa576aef051400154922,Kenya,head-0.5,0,ok,40122,20061,19970,20042,40194,0.0,0.2,True,True,pipeline-v2,0.00025839998852461576,0.006491700012702495,0.008944999979576096
572918bd3f37b31900478018,Kenya,head-0.5,0,ok,40122,20061,19970,20060,40212,0.0,0.0,False,False,pipeline-v2,0.00021359999664127827,0.006375099997967482,0.009590300003765151
572913626aef051400154a30,Kenya,head-0.5,0,ok,40122,20061,19970,20048,40200,0.0,0.7857142857142857,True,True,pipeline-v2,0.00024009999469853938,0.006336999998893589,0.00861849999637343
572929d56aef051400154b0b,Kenya,head-0.5,0,ok,40122,20061,19970,20042,40194,0.0,0.0,False,False,pipeline-v2,0.00020940002286806703,0.006015599996317178,0.00880220002727583
57291a7b1d04691400779040,Kenya,head-0.5,0,ok,40122,20061,19970,20043,40195,0.0,0.0,False,False,pipeline-v2,0.00021359999664127827,0.005979899986414239,0.009137799992458895
572906e23f37b31900477f8e,Kenya,head-0.5,0,ok,40122,20061,19970,20041,40193,0.0,0.5161290322580645,True,True,pipeline-v2,0.0002263000060338527,0.006445999984862283,0.009071100008441135
57291fb4af94a219006aa0b5,Kenya,head-0.5,0,ok,40122,20061,19970,20061,40213,0.0,0.06896551724137931,False,False,pipeline-v2,0.00021719999494962394,0.006477399991126731,0.008880600013071671
572926653f37b3190047807d,Kenya,head-0.5,0,ok,40122,20061,19970,20039,40191,0.0,0.0,False,False,pipeline-v2,0.0002376999764237553,0.005808200017781928,0.008161099976859987
572903d96aef0514001549a7,Kenya,head-0.5,0,ok,40122,20061,19970,20065,40217,0.0,0.18181818181818182,True,True,pipeline-v2,0.00032699998700991273,0.0069568000035360456,0.009762899979250506
5730b4282461fd1900a9cfc7,Imperialism,head-0.5,0,ok,35849,17924,17636,17733,35946,0.0,0.0,False,False,pipeline-v2,0.00022280000848695636,0.005346400022972375,0.007481500011635944
573062662461fd1900a9cdf7,Imperialism,head-0.5,0,ok,35849,17924,17636,17719,35932,0.0,0.11764705882352941,True,True,pipeline-v2,0.00019559997599571943,0.004982400016160682,0.007256399985635653
5730876a396df9190009617e,Imperialism,head-0.5,0,ok,35849,17924,17636,17725,35938,0.0,0.06451612903225806,True,True,pipeline-v2,0.00020619999850168824,0.005092400009743869,0.0071776999975554645
573092088ab72b1400f9c595,Imperialism,head-0.5,0,ok,35849,17924,17636,17728,35941,0.0,0.23529411764705882,True,True,pipeline-v2,0.00024339999072253704,0.005103000003146008,0.007764200010569766
5730876a396df9190009617b,Imperialism,head-0.5,0,ok,35849,17924,17636,17726,35939,0.0,0.05405405405405406,False,True,pipeline-v2,0.00020370000856928527,0.005073699983768165,0.0071823000034783036
573083dc2461fd1900a9ce70,Imperialism,head-0.5,0,ok,35849,17924,17636,17741,35954,0.0,0.0,False,True,pipeline-v2,0.00023870001314207911,0.005450000026030466,0.0077815999975427985
5730ab63396df91900096262,Imperialism,head-0.5,0,ok,35849,17924,17636,17731,35944,0.0,0.06451612903225806,False,False,pipeline-v2,0.0002049999893642962,0.0050608000019565225,0.007108299992978573
57309bfb8ab72b1400f9c5e7,Imperialism,head-0.5,0,ok,35849,17924,17636,17750,35963,0.0,0.0,False,True,pipeline-v2,0.00030739998328499496,0.005735600017942488,0.008143799990648404
5730b255396df919000962b0,Imperialism,head-0.5,0,ok,35849,17924,17636,17735,35948,0.0,0.0,False,True,pipeline-v2,0.0002518000255804509,0.005077000008895993,0.007204599998658523
573085ea8ab72b1400f9c550,Imperialism,head-0.5,0,ok,35849,17924,17636,17707,35920,0.0,0.8095238095238095,True,True,pipeline-v2,0.00021430000197142363,0.004537100001471117,0.006447799998568371
57273249f1498d1400e8f46e,Genghis_Khan,head-0.5,0,ok,41165,20582,20533,20686,41318,0.0,0.0,False,False,pipeline-v2,0.00023870001314207911,0.007863100006943569,0.01113729999633506
572758c3dd62a815002e9b79,Genghis_Khan,head-0.5,0,ok,41165,20582,20533,20607,41239,0.0,0.0,False,False,pipeline-v2,0.0002479999966453761,0.006183299992699176,0.008718900004168972
57273d06f1498d1400e8f4f9,Genghis_Khan,head-0.5,0,ok,41165,20582,20533,20627,41259,0.0,0.07142857142857142,False,False,pipeline-v2,0.0002462000120431185,0.006113699986599386,0.008858900022460148
5727580bf1498d1400e8f69a,Genghis_Khan,head-0.5,0,ok,41165,20582,20533,20661,41293,0.0,0.0,False,False,pipeline-v2,0.00021810000180266798,0.007069099985528737,0.010284000018145889
57273dccdd62a815002e99fb,Genghis_Khan,head-0.5,0,ok,41165,20582,20533,20648,41280,0.0,0.0,False,True,pipeline-v2,0.0002209999947808683,0.007441499998094514,0.010512199980439618
5726ae32708984140094cdae,Genghis_Khan,head-0.5,0,ok,41165,20582,20533,20644,41276,0.0,0.23529411764705882,True,True,pipeline-v2,0.00031280002440325916,0.007064400007948279,0.010675099998479709
57272ce1f1498d1400e8f43d,Genghis_Khan,head-0.5,0,ok,41165,20582,20533,20641,41273,0.0,0.0,False,False,pipeline-v2,0.00023100001271814108,0.006835799984401092,0.010046500014141202
57269e8a5951b619008f77f7,Genghis_Khan,head-0.5,0,ok,41165,20582,20533,20645,41277,0.0,0.05714285714285714,False,True,pipeline-v2,0.00022509999689646065,0.006660300015937537,0.00935500001651235
5727515af1498d1400e8f63c,Genghis_Khan,head-0.5,0,ok,41165,20582,20533,20665,41297,0.0,0.0,False,False,pipeline-v2,0.00026879998040385544,0.007132200000341982,0.010239499999443069
5726c0c5dd62a815002e8f7a,Genghis_Khan,head-0.5,0,ok,41165,20582,20533,20628,41260,0.0,0.13793103448275862,True,True,pipeline-v2,0.0003690999874379486,0.006568599987076595,0.009783799992874265
57273c195951b619008f8722,American_Broadcasting_Company,head-0.5,0,ok,85500,42750,42526,42622,85596,0.0,0.0,False,True,pipeline-v2,0.000592500000493601,0.013716099987505004,0.019422899989876896
5727448b5951b619008f87a3,American_Broadcasting_Company,head-0.5,0,ok,85500,42750,42526,42648,85622,0.0,0.031746031746031744,True,True,pipeline-v2,0.0005456999933812767,0.013777699990896508,0.019363699975656345
57275f6ef1498d1400e8f708,American_Broadcasting_Company,head-0.5,0,ok,85500,42750,42526,42639,85613,0.0,0.0,False,True,pipeline-v2,0.000579200015636161,0.014379399974131957,0.02002540000830777
57267ca75951b619008f746b,American_Broadcasting_Company,head-0.5,0,ok,85500,42750,42526,42613,85587,0.0,0.0,False,True,pipeline-v2,0.0005160000000614673,0.014033700019354,0.019435199996223673
57273c195951b619008f8723,American_Broadcasting_Company,head-0.5,0,ok,85500,42750,42526,42640,85614,0.0,0.0,False,True,pipeline-v2,0.0005751000135205686,0.014018699992448092,0.019650900008855388
57273d19708984140094db3f,American_Broadcasting_Company,head-0.5,0,ok,85500,42750,42526,42625,85599,0.0,0.19047619047619047,True,True,pipeline-v2,0.000610099988989532,0.01374920000671409,0.01931400000466965
5727436af1498d1400e8f55a,American_Broadcasting_Company,head-0.5,0,ok,85500,42750,42526,42615,85589,0.0,0.047619047619047616,True,True,pipeline-v2,0.000507800024934113,0.013167299999622628,0.018369299999903888
5726efdbdd62a815002e95c6,American_Broadcasting_Company,head-0.5,0,ok,85500,42750,42526,42599,85573,0.0,0.0,False,True,pipeline-v2,0.0004078000201843679,0.01298909998149611,0.017743000003974885
57273abef1498d1400e8f4dc,American_Broadcasting_Company,head-0.5,0,ok,85500,42750,42526,42626,85600,0.0,0.18181818181818182,True,True,pipeline-v2,0.00042019999818876386,0.013572700001532212,0.018934199993964285
57273dbbf1498d1400e8f508,American_Broadcasting_Company,head-0.5,0,ok,85500,42750,42526,42623,85597,0.0,0.2222222222222222,True,True,pipeline-v2,0.0004901999782305211,0.01423970001633279,0.019685399980517104
5730b776069b5314008322bd,United_Methodist_Church,head-0.5,0,ok,41518,20759,20715,20837,41640,0.0,0.09090909090909091,True,True,pipeline-v2,0.00026119998074136674,0.006587600015336648,0.009609300002921373
5730982f396df919000961e5,United_Methodist_Church,head-0.5,0,ok,41518,20759,20715,20771,41574,0.0,0.0,False,True,pipeline-v2,0.0002182999742217362,0.005567300016991794,0.00787629999103956
5730eb5b497a881900248a43,United_Methodist_Church,head-0.5,0,ok,41518,20759,20715,20797,41600,0.0,0.0,False,True,pipeline-v2,0.000291300006210804,0.006261400005314499,0.009307800006354228
57309d31396df91900096213,United_Methodist_Church,head-0.5,0,ok,41518,20759,20715,20843,41646,0.0,0.6470588235294118,True,True,pipeline-v2,0.00022909999825060368,0.006603300018468872,0.009554499993100762
5730d523aca1c71400fe5b06,United_Methodist_Church,head-0.5,0,ok,41518,20759,20715,20826,41629,0.0,0.0,False,False,pipeline-v2,0.0003530999820213765,0.0064178000029642135,0.009374799992656335
5730b07c8ab72b1400f9c697,United_Methodist_Church,head-0.5,0,ok,41518,20759,20715,20820,41623,0.0,0.11428571428571428,True,True,pipeline-v2,0.00024349999148398638,0.006965500011574477,0.009817799989832565
57309d31396df91900096210,United_Methodist_Church,head-0.5,0,ok,41518,20759,20715,20834,41637,0.0,0.09302325581395349,True,True,pipeline-v2,0.0002314999874215573,0.006751900014933199,0.009794599987799302
5730bf03069b5314008322ed,United_Methodist_Church,head-0.5,0,ok,41518,20759,20715,20822,41625,0.0,0.0,False,False,pipeline-v2,0.00022950000129640102,0.006021100009093061,0.008736700023291633
57309cd6069b5314008321c3,United_Methodist_Church,head-0.5,0,ok,41518,20759,20715,20823,41626,0.0,0.5555555555555556,True,True,pipeline-v2,0.00023219999275170267,0.006454099988332018,0.009555199998430908
5730b2ac2461fd1900a9cfb5,United_Methodist_Church,head-0.5,0,ok,41518,20759,20715,20832,41635,0.0,0.21621621621621623,True,True,pipeline-v2,0.0002384000108577311,0.006833499995991588,0.010299700021278113
5733f7b9d058e614000b66a9,French_and_Indian_War,head-0.5,0,ok,36348,18174,18020,18115,36443,0.0,0.08695652173913043,True,True,pipeline-v2,0.00020860001677647233,0.00609980002627708,0.008598899992648512
5733fd66d058e614000b6735,French_and_Indian_War,head-0.5,0,ok,36348,18174,18020,18104,36432,0.0,0.0,False,False,pipeline-v2,0.00020780001068487763,0.0052404000016395,0.007635600020876154
57340d124776f419006617c3,French_and_Indian_War,head-0.5,0,ok,36348,18174,18020,18127,36455,0.0,0.0,False,True,pipeline-v2,0.0002133000234607607,0.005875500006368384,0.008266500022727996
5733f410d058e614000b6665,French_and_Indian_War,head-0.5,0,ok,36348,18174,18020,18103,36431,0.0,0.06666666666666667,False,False,pipeline-v2,0.00024199998006224632,0.005318700015777722,0.007604599988553673
5733f7b9d058e614000b66ab,French_and_Indian_War,head-0.5,0,ok,36348,18174,18020,18121,36449,0.0,0.18181818181818182,False,False,pipeline-v2,0.0002052999916486442,0.005660099996021017,0.008132899994961917
5733f9fa4776f4190066161f,French_and_Indian_War,head-0.5,0,ok,36348,18174,18020,18085,36413,0.0,0.0,False,True,pipeline-v2,0.00020479998784139752,0.004809400008525699,0.0070553999976255
5733dab4d058e614000b640b,French_and_Indian_War,head-0.5,0,ok,36348,18174,18020,18088,36416,0.0,0.0,False,True,pipeline-v2,0.00031659999513067305,0.005352300009690225,0.007727199990767986
5734025d4776f419006616c5,French_and_Indian_War,head-0.5,0,ok,36348,18174,18020,18092,36420,0.0,0.0,False,False,pipeline-v2,0.0001981999957934022,0.005074199987575412,0.007163400005083531
5733f9fa4776f41900661621,French_and_Indian_War,head-0.5,0,ok,36348,18174,18020,18110,36438,0.0,0.1111111111111111,False,False,pipeline-v2,0.0002294000005349517,0.005321700009517372,0.007643399992957711
57340a094776f4190066177d,French_and_Indian_War,head-0.5,0,ok,36348,18174,18020,18105,36433,0.0,0.0,False,False,pipeline-v2,0.00021590001415461302,0.0054877000220585614,0.00801839999621734
572944e03f37b319004781e2,Intergovernmental_Panel_on_Climate_Change,head-0.5,0,ok,19100,9550,9519,9607,19188,0.0,0.0,False,True,pipeline-v2,0.0001416000013705343,0.002494099986506626,0.0038687000051140785
57293bc91d0469140077919d,Intergovernmental_Panel_on_Climate_Change,head-0.5,0,ok,19100,9550,9519,9589,19170,0.0,0.24,True,True,pipeline-v2,0.00014760001795366406,0.00312469998607412,0.004966700013028458
572943ab1d0469140077921b,Intergovernmental_Panel_on_Climate_Change,head-0.5,0,ok,19100,9550,9519,9617,19198,0.0,0.0,False,False,pipeline-v2,0.00015029998030513525,0.00250540001434274,0.003853700007312
5729517d6aef051400154cca,Intergovernmental_Panel_on_Climate_Change,head-0.5,0,ok,19100,9550,9519,9608,19189,0.0,0.09090909090909091,True,True,pipeline-v2,0.00013390000094659626,0.002589000010630116,0.003876399976434186
57294baaaf94a219006aa26b,Intergovernmental_Panel_on_Climate_Change,head-0.5,0,ok,19100,9550,9519,9616,19197,0.0,0.24,False,False,pipeline-v2,0.000149200001033023,0.002726300008362159,0.00420330002089031
57294279af94a219006aa20b,Intergovernmental_Panel_on_Climate_Change,head-0.5,0,ok,19100,9550,9519,9608,19189,0.0,0.0,False,False,pipeline-v2,0.00014879999798722565,0.002488800004357472,0.00413509999634698
572951f16aef051400154cce,Intergovernmental_Panel_on_Climate_Change,head-0.5,0,ok,19100,9550,9519,9613,19194,0.0,0.0,False,False,pipeline-v2,0.000142700009746477,0.004337199992733076,0.00573229999281466
5729506d6aef051400154cac,Intergovernmental_Panel_on_Climate_Change,head-0.5,0,ok,19100,9550,9519,9674,19255,0.0,0.0,False,False,pipeline-v2,0.000135600013891235,0.003510799986543134,0.005179400002816692
57293e221d046914007791d5,Intergovernmental_Panel_on_Climate_Change,head-0.5,0,ok,19100,9550,9519,9657,19238,0.0,0.32558139534883723,True,True,pipeline-v2,0.0001314000110141933,0.0033585000201128423,0.004794699983904138
57293ca73f37b3190047815c,Intergovernmental_Panel_on_Climate_Change,head-0.5,0,ok,19100,9550,9519,9587,19168,0.0,0.13043478260869565,False,True,pipeline-v2,0.00013479997869580984,0.0024594000133220106,0.003869599982863292
57286010ff5b5019007da1cc,University_of_Chicago,full,0,ok,31983,31983,31983,32087,32087,0.0,0.2222222222222222,True,True,pipeline-v2,0.00017949999892152846,4.9000082071870565e-06,0.004196099995169789
572872dd2ca10214002da37e,University_of_Chicago,full,0,ok,31983,31983,31983,32053,32053,0.0,0.0,False,True,pipeline-v2,0.0001852999848779291,2.7999922167509794e-06,0.003952500002924353
57286010ff5b5019007da1cd,University_of_Chicago,full,0,ok,31983,31983,31983,32049,32049,0.0,0.13333333333333333,True,True,pipeline-v2,0.00018590001855045557,3.7999998312443495e-06,0.003851800021948293
57283db6ff5b5019007d9fbe,University_of_Chicago,full,0,ok,31983,31983,31983,32088,32088,0.0,0.42105263157894735,True,True,pipeline-v2,0.0002544999879319221,3.2999960239976645e-06,0.004325199988670647
572847ff3acd2414000df869,University_of_Chicago,full,0,ok,31983,31983,31983,32084,32084,0.0,0.0,False,True,pipeline-v2,0.00017759998445399106,2.7999922167509794e-06,0.004465899983188137
572870b2ff5b5019007da222,University_of_Chicago,full,0,ok,31983,31983,31983,32108,32108,0.0,0.21052631578947367,True,True,pipeline-v2,0.00017680000746622682,2.6999914553016424e-06,0.004148400010308251
572843304b864d190016484b,University_of_Chicago,full,0,ok,31983,31983,31983,32054,32054,0.0,0.3333333333333333,True,True,pipeline-v2,0.00017439998919144273,2.700020559132099e-06,0.003228699992178008
57284142ff5b5019007da00a,University_of_Chicago,full,0,ok,31983,31983,31983,32069,32069,0.0,0.0,False,True,pipeline-v2,0.00017720001051202416,3.5999983083456755e-06,0.0035333000123500824
57285213ff5b5019007da182,University_of_Chicago,full,0,ok,31983,31983,31983,32078,32078,0.0,0.0,False,True,pipeline-v2,0.00017830001888796687,3.5999983083456755e-06,0.003864500002237037
57286ec63acd2414000df9d3,University_of_Chicago,full,0,ok,31983,31983,31983,32084,32084,0.0,0.0,False,True,pipeline-v2,0.0001821999903768301,3.5999983083456755e-06,0.003483799984678626
57287e512ca10214002da3fb,Yuan_dynasty,full,0,ok,45620,45620,45620,45700,45700,0.0,0.13333333333333333,True,True,pipeline-v2,0.0002685000072233379,4.699977580457926e-06,0.006026399991242215
572879574b864d1900164a14,Yuan_dynasty,full,0,ok,45620,45620,45620,45717,45717,0.0,0.18181818181818182,True,True,pipeline-v2,0.00023519998649135232,3.3999967854470015e-06,0.006387999979779124
57287b4a4b864d1900164a28,Yuan_dynasty,full,0,ok,45620,45620,45620,45715,45715,0.0,0.16666666666666666,True,True,pipeline-v2,0.00023219999275170267,3.1999952625483274e-06,0.006267499993555248
572860e03acd2414000df979,Yuan_dynasty,full,0,ok,45620,45620,45620,45689,45689,0.0,0.0,False,True,pipeline-v2,0.0002476999943610281,3.7999998312443495e-06,0.0056591000175103545
572885c44b864d1900164a7a,Yuan_dynasty,full,0,ok,45620,45620,45620,45696,45696,0.0,0.0,False,True,pipeline-v2,0.00023969999165274203,3.3999967854470015e-06,0.005559899989748374
572872822ca10214002da375,Yuan_dynasty,full,0,ok,45620,45620,45620,45730,45730,0.0,0.0,False,True,pipeline-v2,0.00023770000552758574,3.3999967854470015e-06,0.0067097000137437135
57288428ff5b5019007da292,Yuan_dynasty,full,0,ok,45620,45620,45620,45692,45692,0.0,0.26666666666666666,True,True,pipeline-v2,0.00024399999529123306,4.3000036384910345e-06,0.005698599998140708
5728809f2ca10214002da40d,Yuan_dynasty,full,0,ok,45620,45620,45620,45687,45687,0.0,0.6153846153846154,True,True,pipeline-v2,0.000235399988014251,3.1999952625483274e-06,0.005623000004561618
57287f6a3acd2414000dfa55,Yuan_dynasty,full,0,ok,45620,45620,45620,45712,45712,0.0,0.09090909090909091,True,True,pipeline-v2,0.0002381000085733831,3.0999945010989904e-06,0.006699600024148822
572860e03acd2414000df977,Yuan_dynasty,full,0,ok,45620,45620,45620,45709,45709,0.0,0.0,False,True,pipeline-v2,0.0002406999992672354,3.9000005926936865e-06,0.007569599983980879
5729f799af94a219006aa70a,Immune_system,full,0,ok,41014,41014,41014,41117,41117,0.0,0.0,False,True,pipeline-v2,0.0002849999873433262,4.0000013541430235e-06,0.005214100005105138
5726f8abf1498d1400e8f166,Immune_system,full,0,ok,41014,41014,41014,41104,41104,0.0,0.7,True,True,pipeline-v2,0.00023410000721924007,3.9000005926936865e-06,0.005850100016687065
5729f69caf94a219006aa6fb,Immune_system,full,0,ok,41014,41014,41014,41152,41152,0.0,0.10526315789473684,True,True,pipeline-v2,0.00021210001432336867,3.7999998312443495e-06,0.006371499999659136
5729f1fcaf94a219006aa6d6,Immune_system,full,0,ok,41014,41014,41014,41142,41142,0.0,0.24242424242424243,True,True,pipeline-v2,0.00032619998091831803,5.0000089686363935e-06,0.0059074999880976975
5729f4b41d0469140077968d,Immune_system,full,0,ok,41014,41014,41014,41158,41158,0.0,0.11764705882352941,True,True,pipeline-v2,0.0002243000199086964,3.9000005926936865e-06,0.00658880002447404
572900f73f37b31900477f6b,Immune_system,full,0,ok,41014,41014,41014,41132,41132,0.0,0.3333333333333333,True,True,pipeline-v2,0.0002201999886892736,2.8999929782003164e-06,0.005175900005269796
572a07fc6aef0514001551dc,Immune_system,full,0,ok,41014,41014,41014,41127,41127,0.0,0.6666666666666666,True,True,pipeline-v2,0.0002128999913111329,2.7999922167509794e-06,0.005556199990678579
572a12386aef051400155237,Immune_system,full,0,ok,41014,41014,41014,41143,41143,0.0,0.2857142857142857,True,True,pipeline-v2,0.00024220001068897545,4.499976057559252e-06,0.0060652999964077026
5728f7774b864d1900165132,Immune_system,full,0,ok,41014,41014,41014,41123,41123,0.0,0.2,True,True,pipeline-v2,0.00021600001491606236,3.0999945010989904e-06,0.005980000016279519
5728f6446aef0514001548e4,Immune_system,full,0,ok,41014,41014,41014,41114,41114,0.0,0.46153846153846156,True,True,pipeline-v2,0.0002133999951183796,2.8999929782003164e-06,0.005854199989698827
57292449af94a219006aa0df,Kenya,full,0,ok,40122,40122,40122,40201,40201,0.0,0.4,True,True,pipeline-v2,0.0002429999876767397,5.1000097300857306e-06,0.0049842000007629395
5728fa576aef051400154922,Kenya,full,0,ok,40122,40122,40122,40194,40194,0.0,0.2,True,True,pipeline-v2,0.00022470002295449376,4.1000021155923605e-06,0.005270199995720759
572918bd3f37b31900478018,Kenya,full,0,ok,40122,40122,40122,40212,40212,0.0,0.25,True,True,pipeline-v2,0.00022170000011101365,3.4999975468963385e-06,0.0055976999865379184
572913626aef051400154a30,Kenya,full,0,ok,40122,40122,40122,40200,40200,0.0,0.7857142857142857,True,True,pipeline-v2,0.0002057999954558909,2.9999937396496534e-06,0.0046276999928522855
572929d56aef051400154b0b,Kenya,full,0,ok,40122,40122,40122,40194,40194,0.0,0.7333333333333333,True,True,pipeline-v2,0.0002170999941881746,3.1999952625483274e-06,0.005575499992119148
57291a7b1d04691400779040,Kenya,full,0,ok,40122,40122,40122,40195,40195,0.0,0.48,True,True,pipeline-v2,0.00023079998209141195,4.1000021155923605e-06,0.00479889998678118
572906e23f37b31900477f8e,Kenya,full,0,ok,40122,40122,40122,40193,40193,0.0,0.5161290322580645,True,True,pipeline-v2,0.00021729999571107328,4.1000021155923605e-06,0.005241400009253994
57291fb4af94a219006aa0b5,Kenya,full,0,ok,40122,40122,40122,40213,40213,0.0,0.42105263157894735,True,True,pipeline-v2,0.0002201999886892736,3.9000005926936865e-06,0.005256100004771724
572926653f37b3190047807d,Kenya,full,0,ok,40122,40122,40122,40191,40191,0.0,0.08333333333333333,False,True,pipeline-v2,0.00022819999139755964,3.0999945010989904e-06,0.005003699974622577
572903d96aef0514001549a7,Kenya,full,0,ok,40122,40122,40122,40217,40217,0.0,0.18181818181818182,True,True,pipeline-v2,0.00020910002058371902,2.6999914553016424e-06,0.0053524000104516745
5730b4282461fd1900a9cfc7,Imperialism,full,0,ok,35849,35849,35849,35946,35946,0.0,0.25806451612903225,True,True,pipeline-v2,0.0002072000061161816,5.2000104915350676e-06,0.004435499984538183
573062662461fd1900a9cdf7,Imperialism,full,0,ok,35849,35849,35849,35932,35932,0.0,0.11764705882352941,True,True,pipeline-v2,0.0002792000013869256,4.7000066842883825e-06,0.004351900017354637
5730876a396df9190009617e,Imperialism,full,0,ok,35849,35849,35849,35938,35938,0.0,0.06451612903225806,True,True,pipeline-v2,0.0002457000082358718,4.7000066842883825e-06,0.004342000000178814
573092088ab72b1400f9c595,Imperialism,full,0,ok,35849,35849,35849,35941,35941,0.0,0.23529411764705882,True,True,pipeline-v2,0.00019869999960064888,3.7999998312443495e-06,0.004380899976240471
5730876a396df9190009617b,Imperialism,full,0,ok,35849,35849,35849,35939,35939,0.0,0.05405405405405406,False,True,pipeline-v2,0.00033510001958347857,4.399975296109915e-06,0.004647000023396686
573083dc2461fd1900a9ce70,Imperialism,full,0,ok,35849,35849,35849,35954,35954,0.0,0.0,False,True,pipeline-v2,0.00021520000882446766,4.8000074457377195e-06,0.004700300021795556
5730ab63396df91900096262,Imperialism,full,0,ok,35849,35849,35849,35944,35944,0.0,0.1276595744680851,True,True,pipeline-v2,0.0002629999944474548,5.3000112529844046e-06,0.005186800000956282
57309bfb8ab72b1400f9c5e7,Imperialism,full,0,ok,35849,35849,35849,35963,35963,0.0,0.08,False,True,pipeline-v2,0.0002010999887716025,3.4999975468963385e-06,0.004923100001178682
5730b255396df919000962b0,Imperialism,full,0,ok,35849,35849,35849,35948,35948,0.0,0.25,True,True,pipeline-v2,0.00020280000171624124,3.5999983083456755e-06,0.00513080001110211
573085ea8ab72b1400f9c550,Imperialism,full,0,ok,35849,35849,35849,35920,35920,0.0,0.8095238095238095,True,True,pipeline-v2,0.00020360000780783594,4.5000051613897085e-06,0.004585999995470047
57273249f1498d1400e8f46e,Genghis_Khan,full,0,ok,41165,41165,41165,41318,41318,0.0,0.05714285714285714,True,True,pipeline-v2,0.0004251000063959509,6.499991286545992e-06,0.0077526000095531344
572758c3dd62a815002e9b79,Genghis_Khan,full,0,ok,41165,41165,41165,41239,41239,0.0,0.5679012345679012,True,True,pipeline-v2,0.00021919998107478023,3.6999990697950125e-06,0.00529229998937808
57273d06f1498d1400e8f4f9,Genghis_Khan,full,0,ok,41165,41165,41165,41259,41259,0.0,0.19047619047619047,True,True,pipeline-v2,0.00021580001339316368,3.100023604929447e-06,0.005922500015003607
5727580bf1498d1400e8f69a,Genghis_Khan,full,0,ok,41165,41165,41165,41293,41293,0.0,0.1,True,True,pipeline-v2,0.00024189997930079699,5.0000089686363935e-06,0.006313899997621775
57273dccdd62a815002e99fb,Genghis_Khan,full,0,ok,41165,41165,41165,41280,41280,0.0,0.20833333333333334,True,True,pipeline-v2,0.000232299993513152,3.5999983083456755e-06,0.006764699995983392
5726ae32708984140094cdae,Genghis_Khan,full,0,ok,41165,41165,41165,41276,41276,0.0,0.23529411764705882,True,True,pipeline-v2,0.0002796000044327229,4.9000082071870565e-06,0.00704799999948591
57272ce1f1498d1400e8f43d,Genghis_Khan,full,0,ok,41165,41165,41165,41273,41273,0.0,0.21052631578947367,True,True,pipeline-v2,0.000228899996727705,3.7999998312443495e-06,0.006120099977124482
57269e8a5951b619008f77f7,Genghis_Khan,full,0,ok,41165,41165,41165,41277,41277,0.0,0.05714285714285714,False,True,pipeline-v2,0.00035620000562630594,5.900015821680427e-06,0.006889000011142343
5727515af1498d1400e8f63c,Genghis_Khan,full,0,ok,41165,41165,41165,41297,41297,0.0,0.07142857142857142,True,True,pipeline-v2,0.0002581000153440982,4.4000043999403715e-06,0.007448299991665408
5726c0c5dd62a815002e8f7a,Genghis_Khan,full,0,ok,41165,41165,41165,41260,41260,0.0,0.13793103448275862,True,True,pipeline-v2,0.0002691000117920339,4.999979864805937e-06,0.0060916000220458955
57273c195951b619008f8722,American_Broadcasting_Company,full,0,ok,85500,85500,85500,85596,85596,0.0,0.0,False,True,pipeline-v2,0.0004607000155374408,8.000002708286047e-06,0.012192599999252707
5727448b5951b619008f87a3,American_Broadcasting_Company,full,0,ok,85500,85500,85500,85622,85622,0.0,0.031746031746031744,True,True,pipeline-v2,0.000440200004959479,5.699985194951296e-06,0.012066499999491498
57275f6ef1498d1400e8f708,American_Broadcasting_Company,full,0,ok,85500,85500,85500,85613,85613,0.0,0.13333333333333333,True,True,pipeline-v2,0.0005287000094540417,5.299982149153948e-06,0.012229700019815937
57267ca75951b619008f746b,American_Broadcasting_Company,full,0,ok,85500,85500,85500,85587,85587,0.0,0.0,False,True,pipeline-v2,0.0004419999895617366,4.9000082071870565e-06,0.011470400000689551
57273c195951b619008f8723,American_Broadcasting_Company,full,0,ok,85500,85500,85500,85614,85614,0.0,0.0,False,True,pipeline-v2,0.0007653999782633036,4.7000066842883825e-06,0.013175999978557229
57273d19708984140094db3f,American_Broadcasting_Company,full,0,ok,85500,85500,85500,85599,85599,0.0,0.19047619047619047,True,True,pipeline-v2,0.0007302000012714416,7.199996616691351e-06,0.03846280000288971
5727436af1498d1400e8f55a,American_Broadcasting_Company,full,0,ok,85500,85500,85500,85589,85589,0.0,0.047619047619047616,True,True,pipeline-v2,0.0014309000107459724,8.000002708286047e-06,0.024158200016245246
5726efdbdd62a815002e95c6,American_Broadcasting_Company,full,0,ok,85500,85500,85500,85573,85573,0.0,0.0,False,True,pipeline-v2,0.0008482999983243644,7.800001185387373e-06,0.01277739999932237
57273abef1498d1400e8f4dc,American_Broadcasting_Company,full,0,ok,85500,85500,85500,85600,85600,0.0,0.18181818181818182,True,True,pipeline-v2,0.0004151000175625086,4.999979864805937e-06,0.018027800018899143
57273dbbf1498d1400e8f508,American_Broadcasting_Company,full,0,ok,85500,85500,85500,85597,85597,0.0,0.2222222222222222,True,True,pipeline-v2,0.0004432000278029591,5.1000097300857306e-06,0.01253450001240708
5730b776069b5314008322bd,United_Methodist_Church,full,0,ok,41518,41518,41518,41640,41640,0.0,0.09090909090909091,True,True,pipeline-v2,0.000378400000045076,6.599992047995329e-06,0.0063535000081174076
5730982f396df919000961e5,United_Methodist_Church,full,0,ok,41518,41518,41518,41574,41574,0.0,0.0,False,True,pipeline-v2,0.00023059998056851327,3.5999983083456755e-06,0.0052789000037591904
5730eb5b497a881900248a43,United_Methodist_Church,full,0,ok,41518,41518,41518,41600,41600,0.0,0.18181818181818182,True,True,pipeline-v2,0.00021960001322440803,3.4999975468963385e-06,0.006095799995819107
57309d31396df91900096213,United_Methodist_Church,full,0,ok,41518,41518,41518,41646,41646,0.0,0.6470588235294118,True,True,pipeline-v2,0.00022800001897849143,4.6000059228390455e-06,0.006281700014369562
5730d523aca1c71400fe5b06,United_Methodist_Church,full,0,ok,41518,41518,41518,41629,41629,0.0,0.21428571428571427,True,True,pipeline-v2,0.00021329999435693026,2.8999929782003164e-06,0.006165400001918897
5730b07c8ab72b1400f9c697,United_Methodist_Church,full,0,ok,41518,41518,41518,41623,41623,0.0,0.11428571428571428,True,True,pipeline-v2,0.0002556999970693141,4.6000059228390455e-06,0.005972200015094131
57309d31396df91900096210,United_Methodist_Church,full,0,ok,41518,41518,41518,41637,41637,0.0,0.09302325581395349,True,True,pipeline-v2,0.00022069999249652028,3.4999975468963385e-06,0.005823699990287423
5730bf03069b5314008322ed,United_Methodist_Church,full,0,ok,41518,41518,41518,41625,41625,0.0,0.14814814814814814,True,True,pipeline-v2,0.00021760002709925175,3.300025127828121e-06,0.0055269000004045665
57309cd6069b5314008321c3,United_Methodist_Church,full,0,ok,41518,41518,41518,41626,41626,0.0,0.5555555555555556,True,True,pipeline-v2,0.00028890001703985035,5.699985194951296e-06,0.0061012000078335404
5730b2ac2461fd1900a9cfb5,United_Methodist_Church,full,0,ok,41518,41518,41518,41635,41635,0.0,0.21621621621621623,True,True,pipeline-v2,0.00026099997921846807,4.0000013541430235e-06,0.006012899975758046
5733f7b9d058e614000b66a9,French_and_Indian_War,full,0,ok,36348,36348,36348,36443,36443,0.0,0.08695652173913043,True,True,pipeline-v2,0.00019610000890679657,3.100023604929447e-06,0.00525379998725839
5733fd66d058e614000b6735,French_and_Indian_War,full,0,ok,36348,36348,36348,36432,36432,0.0,0.11764705882352941,True,True,pipeline-v2,0.00019400002202019095,2.700020559132099e-06,0.0044753999973181635
57340d124776f419006617c3,French_and_Indian_War,full,0,ok,36348,36348,36348,36455,36455,0.0,0.03636363636363636,False,True,pipeline-v2,0.00020280000171624124,4.8000074457377195e-06,0.0051429000159259886
5733f410d058e614000b6665,French_and_Indian_War,full,0,ok,36348,36348,36348,36431,36431,0.0,0.8387096774193549,True,True,pipeline-v2,0.00022499999613501132,4.8000074457377195e-06,0.004653200012398884
5733f7b9d058e614000b66ab,French_and_Indian_War,full,0,ok,36348,36348,36348,36449,36449,0.0,0.3333333333333333,True,True,pipeline-v2,0.00021630001720041037,4.299974534660578e-06,0.005411100020864978
5733f9fa4776f4190066161f,French_and_Indian_War,full,0,ok,36348,36348,36348,36413,36413,0.0,0.0,False,True,pipeline-v2,0.00019640001119114459,3.5999983083456755e-06,0.005032400018535554
5733dab4d058e614000b640b,French_and_Indian_War,full,0,ok,36348,36348,36348,36416,36416,0.0,0.0,False,True,pipeline-v2,0.0001984999980777502,2.700020559132099e-06,0.004672199982451275
5734025d4776f419006616c5,French_and_Indian_War,full,0,ok,36348,36348,36348,36420,36420,0.0,0.5714285714285714,True,True,pipeline-v2,0.000235699990298599,3.2999960239976645e-06,0.0044578000088222325
5733f9fa4776f41900661621,French_and_Indian_War,full,0,ok,36348,36348,36348,36438,36438,0.0,0.6666666666666666,True,True,pipeline-v2,0.00022410001838579774,4.0000013541430235e-06,0.004655099997762591
57340a094776f4190066177d,French_and_Indian_War,full,0,ok,36348,36348,36348,36433,36433,0.0,0.0,False,True,pipeline-v2,0.0002066000015474856,3.7999998312443495e-06,0.004837999993469566
572944e03f37b319004781e2,Intergovernmental_Panel_on_Climate_Change,full,0,ok,19100,19100,19100,19188,19188,0.0,0.09090909090909091,True,True,pipeline-v2,0.00022749998606741428,5.399982910603285e-06,0.0029442999802995473
57293bc91d0469140077919d,Intergovernmental_Panel_on_Climate_Change,full,0,ok,19100,19100,19100,19170,19170,0.0,0.24,True,True,pipeline-v2,0.00013080000644549727,3.3999967854470015e-06,0.003044000011868775
572943ab1d0469140077921b,Intergovernmental_Panel_on_Climate_Change,full,0,ok,19100,19100,19100,19198,19198,0.0,0.0,False,True,pipeline-v2,0.0001333000254817307,3.4999975468963385e-06,0.0022631000028923154
5729517d6aef051400154cca,Intergovernmental_Panel_on_Climate_Change,full,0,ok,19100,19100,19100,19189,19189,0.0,0.0,False,True,pipeline-v2,0.00017440001829527318,5.399982910603285e-06,0.002471200015861541
57294baaaf94a219006aa26b,Intergovernmental_Panel_on_Climate_Change,full,0,ok,19100,19100,19100,19197,19197,0.0,0.3728813559322034,True,True,pipeline-v2,0.00011870000162161887,3.3999967854470015e-06,0.0025960000057239085
57294279af94a219006aa20b,Intergovernmental_Panel_on_Climate_Change,full,0,ok,19100,19100,19100,19189,19189,0.0,0.1875,False,True,pipeline-v2,0.00013130001025274396,3.6999990697950125e-06,0.002237400010926649
572951f16aef051400154cce,Intergovernmental_Panel_on_Climate_Change,full,0,ok,19100,19100,19100,19194,19194,0.0,0.05714285714285714,True,True,pipeline-v2,0.00015550001990050077,3.3999967854470015e-06,0.0024904000165406615
5729506d6aef051400154cac,Intergovernmental_Panel_on_Climate_Change,full,0,ok,19100,19100,19100,19255,19255,0.0,0.08695652173913043,True,True,pipeline-v2,0.00012139999307692051,2.7999922167509794e-06,0.003077000001212582
57293e221d046914007791d5,Intergovernmental_Panel_on_Climate_Change,full,0,ok,19100,19100,19100,19238,19238,0.0,0.32558139534883723,True,True,pipeline-v2,0.0001233000075444579,2.7999922167509794e-06,0.002998200012370944
57293ca73f37b3190047815c,Intergovernmental_Panel_on_Climate_Change,full,0,ok,19100,19100,19100,19168,19168,0.0,0.13043478260869565,False,True,pipeline-v2,0.00013349999790079892,3.5999983083456755e-06,0.0021741999953519553
57286010ff5b5019007da1cc,University_of_Chicago,neighbor1-0.25,0,ok,31983,7995,7995,8099,32087,0.0,0.2222222222222222,True,True,pipeline-v2,0.00017010001465678215,0.0051207000215072185,0.006247100012842566
572872dd2ca10214002da37e,University_of_Chicago,neighbor1-0.25,0,ok,31983,7995,7994,8064,32053,0.0,0.0,False,False,pipeline-v2,0.00018450000789016485,0.004701999976532534,0.005729800002882257
57286010ff5b5019007da1cd,University_of_Chicago,neighbor1-0.25,0,ok,31983,7995,7995,8061,32049,0.0,0.13333333333333333,True,True,pipeline-v2,0.00018090000958181918,0.004538299981504679,0.005526000022655353
57283db6ff5b5019007d9fbe,University_of_Chicago,neighbor1-0.25,0,ok,31983,7995,7993,8098,32088,0.0,0.42105263157894735,True,True,pipeline-v2,0.00017880002269521356,0.004695700015872717,0.0057314000150654465
572847ff3acd2414000df869,University_of_Chicago,neighbor1-0.25,0,ok,31983,7995,7994,8095,32084,0.0,0.0,False,True,pipeline-v2,0.0002161000156775117,0.004858900007093325,0.00596939999377355
572870b2ff5b5019007da222,University_of_Chicago,neighbor1-0.25,0,ok,31983,7995,7994,8119,32108,0.0,0.21052631578947367,True,True,pipeline-v2,0.00026309999520890415,0.004870399978244677,0.006016899977112189
572843304b864d190016484b,University_of_Chicago,neighbor1-0.25,0,ok,31983,7995,7994,8065,32054,0.0,0.3333333333333333,True,True,pipeline-v2,0.00018209998961538076,0.004140799981541932,0.005096399981994182
57284142ff5b5019007da00a,University_of_Chicago,neighbor1-0.25,0,ok,31983,7995,7995,8081,32069,0.0,0.0,False,True,pipeline-v2,0.00022499999613501132,0.0048433000047225505,0.005937700014328584
57285213ff5b5019007da182,University_of_Chicago,neighbor1-0.25,0,ok,31983,7995,7994,8089,32078,0.0,0.0,False,True,pipeline-v2,0.00021550001110881567,0.00503149998257868,0.006129700021119788
57286ec63acd2414000df9d3,University_of_Chicago,neighbor1-0.25,0,ok,31983,7995,7995,8096,32084,0.0,0.0851063829787234,True,True,pipeline-v2,0.0002646999782882631,0.004604300018399954,0.005990999983623624
57287e512ca10214002da3fb,Yuan_dynasty,neighbor1-0.25,0,ok,45620,11405,11403,11483,45700,0.0,0.13333333333333333,True,True,pipeline-v2,0.00029669998912140727,0.009569499990902841,0.011246599984588102
572879574b864d1900164a14,Yuan_dynasty,neighbor1-0.25,0,ok,45620,11405,11402,11499,45717,0.0,0.18181818181818182,True,True,pipeline-v2,0.00024819999816827476,0.009343899990199134,0.011016200005542487
57287b4a4b864d1900164a28,Yuan_dynasty,neighbor1-0.25,0,ok,45620,11405,11400,11495,45715,0.0,0.16666666666666666,True,True,pipeline-v2,0.00032629998167976737,0.00937859999248758,0.011364699981641024
572860e03acd2414000df979,Yuan_dynasty,neighbor1-0.25,0,ok,45620,11405,11384,11453,45689,0.0,0.0,False,True,pipeline-v2,0.0002367999986745417,0.00850129997706972,0.010082599997986108
572885c44b864d1900164a7a,Yuan_dynasty,neighbor1-0.25,0,ok,45620,11405,11399,11475,45696,0.0,0.0,False,True,pipeline-v2,0.00024349999148398638,0.00837710002087988,0.009863300016149879
572872822ca10214002da375,Yuan_dynasty,neighbor1-0.25,0,ok,45620,11405,11405,11515,45730,0.0,0.0,False,True,pipeline-v2,0.00026149998302571476,0.009714600018924102,0.011456100008217618
57288428ff5b5019007da292,Yuan_dynasty,neighbor1-0.25,0,ok,45620,11405,11385,11457,45692,0.0,0.26666666666666666,True,True,pipeline-v2,0.0002519999979995191,0.008565500000258908,0.010191000008489937
5728809f2ca10214002da40d,Yuan_dynasty,neighbor1-0.25,0,ok,45620,11405,11405,11472,45687,0.0,0.6153846153846154,True,True,pipeline-v2,0.00024129997473210096,0.008497600007103756,0.00998609999078326
57287f6a3acd2414000dfa55,Yuan_dynasty,neighbor1-0.25,0,ok,45620,11405,11401,11493,45712,0.0,0.09090909090909091,True,True,pipeline-v2,0.00032649998320266604,0.009352200024295598,0.011125999997602776
572860e03acd2414000df977,Yuan_dynasty,neighbor1-0.25,0,ok,45620,11405,11404,11493,45709,0.0,0.0,False,True,pipeline-v2,0.000291600008495152,0.008893700025510043,0.010977400001138449
5729f799af94a219006aa70a,Immune_system,neighbor1-0.25,0,ok,41014,10253,10238,10341,41117,0.0,0.0,False,True,pipeline-v2,0.00022960000205785036,0.007282799982931465,0.008752900001127273
5726f8abf1498d1400e8f166,Immune_system,neighbor1-0.25,0,ok,41014,10253,10252,10342,41104,0.0,0.7,True,True,pipeline-v2,0.0003858999989461154,0.007734599988907576,0.009293100010836497
5729f69caf94a219006aa6fb,Immune_system,neighbor1-0.25,0,ok,41014,10253,10247,10385,41152,0.0,0.0,False,True,pipeline-v2,0.0002340999781154096,0.008973899995908141,0.01131039997562766
5729f1fcaf94a219006aa6d6,Immune_system,neighbor1-0.25,0,ok,41014,10253,10252,10380,41142,0.0,0.24242424242424243,True,True,pipeline-v2,0.00021860000560991466,0.008719500008737668,0.010433700022986159
5729f4b41d0469140077968d,Immune_system,neighbor1-0.25,0,ok,41014,10253,10251,10395,41158,0.0,0.11764705882352941,True,True,pipeline-v2,0.0002313000150024891,0.008706799999345094,0.01059650001116097
572900f73f37b31900477f6b,Immune_system,neighbor1-0.25,0,ok,41014,10253,10252,10370,41132,0.0,0.3333333333333333,True,True,pipeline-v2,0.00023740000324323773,0.007682399998884648,0.00911350001115352
572a07fc6aef0514001551dc,Immune_system,neighbor1-0.25,0,ok,41014,10253,10251,10364,41127,0.0,0.6666666666666666,True,True,pipeline-v2,0.00031919998582452536,0.008325400005560368,0.009949800005415455
572a12386aef051400155237,Immune_system,neighbor1-0.25,0,ok,41014,10253,10253,10382,41143,0.0,0.2857142857142857,True,True,pipeline-v2,0.00030670000705868006,0.00824520000605844,0.009855000011157244
5728f7774b864d1900165132,Immune_system,neighbor1-0.25,0,ok,41014,10253,10253,10362,41123,0.0,0.2,True,True,pipeline-v2,0.0002471999905537814,0.008219000010285527,0.00981409999076277
5728f6446aef0514001548e4,Immune_system,neighbor1-0.25,0,ok,41014,10253,10251,10351,41114,0.0,0.46153846153846156,True,True,pipeline-v2,0.0002612999815028161,0.007869199995184317,0.009632599976612255
57292449af94a219006aa0df,Kenya,neighbor1-0.25,0,ok,40122,10030,10029,10108,40201,0.0,0.4,True,True,pipeline-v2,0.00022349998471327126,0.008203800010960549,0.009755099978065118
5728fa576aef051400154922,Kenya,neighbor1-0.25,0,ok,40122,10030,10029,10101,40194,0.0,0.2,True,True,pipeline-v2,0.00023770000552758574,0.008179600001312792,0.009820600011153147
572918bd3f37b31900478018,Kenya,neighbor1-0.25,0,ok,40122,10030,10030,10120,40212,0.0,0.25,True,True,pipeline-v2,0.00027019999106414616,0.008215799985919148,0.010390099982032552
572913626aef051400154a30,Kenya,neighbor1-0.25,0,ok,40122,10030,10029,10107,40200,0.0,0.7857142857142857,True,True,pipeline-v2,0.00038519999361597,0.00759019999532029,0.00911029998678714
572929d56aef051400154b0b,Kenya,neighbor1-0.25,0,ok,40122,10030,10030,10102,40194,0.0,0.7333333333333333,True,True,pipeline-v2,0.0002193999825976789,0.0075203000160399824,0.008859299996402115
57291a7b1d04691400779040,Kenya,neighbor1-0.25,0,ok,40122,10030,10030,10103,40195,0.0,0.48,True,True,pipeline-v2,0.0002382999809924513,0.008318899985169992,0.009779399988474324
572906e23f37b31900477f8e,Kenya,neighbor1-0.25,0,ok,40122,10030,10030,10101,40193,0.0,0.5161290322580645,True,True,pipeline-v2,0.00021979998564347625,0.007941199990455061,0.009410899976501241
57291fb4af94a219006aa0b5,Kenya,neighbor1-0.25,0,ok,40122,10030,10029,10120,40213,0.0,0.42105263157894735,True,True,pipeline-v2,0.0003496000135783106,0.008146700012730435,0.00973869999870658
572926653f37b3190047807d,Kenya,neighbor1-0.25,0,ok,40122,10030,10029,10098,40191,0.0,0.08333333333333333,False,False,pipeline-v2,0.00023189999046735466,0.008551999984774739,0.009927799983415753
572903d96aef0514001549a7,Kenya,neighbor1-0.25,0,ok,40122,10030,10030,10125,40217,0.0,0.18181818181818182,True,True,pipeline-v2,0.00021630001720041037,0.010555099986959249,0.01216240000212565
5730b4282461fd1900a9cfc7,Imperialism,neighbor1-0.25,0,ok,35849,8962,8960,9057,35946,0.0,0.25806451612903225,True,True,pipeline-v2,0.00023200002033263445,0.0059674000076483935,0.007211400021333247
573062662461fd1900a9cdf7,Imperialism,neighbor1-0.25,0,ok,35849,8962,8961,9044,35932,0.0,0.11764705882352941,True,True,pipeline-v2,0.00020169999334029853,0.007629700005054474,0.008922700013499707
5730876a396df9190009617e,Imperialism,neighbor1-0.25,0,ok,35849,8962,8961,9050,35938,0.0,0.0,False,True,pipeline-v2,0.0002023999986704439,0.00700800001504831,0.008519900002283975
573092088ab72b1400f9c595,Imperialism,neighbor1-0.25,0,ok,35849,8962,8956,9048,35941,0.0,0.23529411764705882,True,True,pipeline-v2,0.0002133999951183796,0.00742429998354055,0.008740899997064844
5730876a396df9190009617b,Imperialism,neighbor1-0.25,0,ok,35849,8962,8959,9049,35939,0.0,0.11764705882352941,False,True,pipeline-v2,0.00023350000265054405,0.006529100006446242,0.007912600005511194
573083dc2461fd1900a9ce70,Imperialism,neighbor1-0.25,0,ok,35849,8962,8962,9067,35954,0.0,0.0,False,True,pipeline-v2,0.0001998000079765916,0.006207600003108382,0.007877000025473535
5730ab63396df91900096262,Imperialism,neighbor1-0.25,0,ok,35849,8962,8962,9057,35944,0.0,0.1276595744680851,True,True,pipeline-v2,0.0002133000234607607,0.006408300017938018,0.007659499999135733
57309bfb8ab72b1400f9c5e7,Imperialism,neighbor1-0.25,0,ok,35849,8962,8961,9075,35963,0.0,0.08,False,True,pipeline-v2,0.00019600000814534724,0.006824499985668808,0.00819920000503771
5730b255396df919000962b0,Imperialism,neighbor1-0.25,0,ok,35849,8962,8961,9060,35948,0.0,0.25,True,True,pipeline-v2,0.0002052999916486442,0.005950199993094429,0.007153699989430606
573085ea8ab72b1400f9c550,Imperialism,neighbor1-0.25,0,ok,35849,8962,8962,9033,35920,0.0,0.8095238095238095,True,True,pipeline-v2,0.00024339999072253704,0.006205099984072149,0.007431899983203039
57273249f1498d1400e8f46e,Genghis_Khan,neighbor1-0.25,0,ok,41165,10291,10290,10443,41318,0.0,0.05714285714285714,True,True,pipeline-v2,0.0002358000201638788,0.009332900022855029,0.011162800015881658
572758c3dd62a815002e9b79,Genghis_Khan,neighbor1-0.25,0,ok,41165,10291,10265,10339,41239,0.0,0.5679012345679012,True,True,pipeline-v2,0.0002989000058732927,0.008362900000065565,0.009874100011074916
57273d06f1498d1400e8f4f9,Genghis_Khan,neighbor1-0.25,0,ok,41165,10291,10290,10384,41259,0.0,0.19047619047619047,True,True,pipeline-v2,0.00024009999469853938,0.007429899997077882,0.008865600015269592
5727580bf1498d1400e8f69a,Genghis_Khan,neighbor1-0.25,0,ok,41165,10291,10288,10416,41293,0.0,0.1,True,True,pipeline-v2,0.00024530000519007444,0.00913270001183264,0.010866399999940768
57273dccdd62a815002e99fb,Genghis_Khan,neighbor1-0.25,0,ok,41165,10291,10290,10405,41280,0.0,0.07692307692307693,False,True,pipeline-v2,0.0002243999915663153,0.009237599995685741,0.01095060000079684
5726ae32708984140094cdae,Genghis_Khan,neighbor1-0.25,0,ok,41165,10291,10285,10396,41276,0.0,0.23529411764705882,True,True,pipeline-v2,0.00024049999774433672,0.009017900010803714,0.01106620000791736
57272ce1f1498d1400e8f43d,Genghis_Khan,neighbor1-0.25,0,ok,41165,10291,10286,10394,41273,0.0,0.21052631578947367,True,True,pipeline-v2,0.00024590000975877047,0.008387600013520569,0.01000819998444058
57269e8a5951b619008f77f7,Genghis_Khan,neighbor1-0.25,0,ok,41165,10291,10290,10402,41277,0.0,0.05714285714285714,False,False,pipeline-v2,0.00024210000992752612,0.008000500005437061,0.009767500014277175
5727515af1498d1400e8f63c,Genghis_Khan,neighbor1-0.25,0,ok,41165,10291,10287,10419,41297,0.0,0.07142857142857142,True,True,pipeline-v2,0.0002355000178795308,0.009698300011223182,0.011512400000356138
5726c0c5dd62a815002e8f7a,Genghis_Khan,neighbor1-0.25,0,ok,41165,10291,10290,10385,41260,0.0,0.13793103448275862,True,True,pipeline-v2,0.00026000000070780516,0.00823919998947531,0.009736400010297075
57273c195951b619008f8722,American_Broadcasting_Company,neighbor1-0.25,0,ok,85500,21375,21374,21470,85596,0.0,0.0,False,True,pipeline-v2,0.0006458999996539205,0.016948899981798604,0.019969499990111217
5727448b5951b619008f87a3,American_Broadcasting_Company,neighbor1-0.25,0,ok,85500,21375,21375,21497,85622,0.0,0.031746031746031744,True,True,pipeline-v2,0.0005927000020164996,0.018089199991663918,0.021000000007916242
57275f6ef1498d1400e8f708,American_Broadcasting_Company,neighbor1-0.25,0,ok,85500,21375,21375,21488,85613,0.0,0.13333333333333333,True,True,pipeline-v2,0.0004358000005595386,0.018451599986292422,0.021555000013904646
57267ca75951b619008f746b,American_Broadcasting_Company,neighbor1-0.25,0,ok,85500,21375,21374,21461,85587,0.0,0.0,False,True,pipeline-v2,0.0003972999984398484,0.019321899977512658,0.022229199996218085
57273c195951b619008f8723,American_Broadcasting_Company,neighbor1-0.25,0,ok,85500,21375,21375,21489,85614,0.0,0.0,False,True,pipeline-v2,0.00040439999429509044,0.018515200004912913,0.021705999999539927
57273d19708984140094db3f,American_Broadcasting_Company,neighbor1-0.25,0,ok,85500,21375,21375,21474,85599,0.0,0.19047619047619047,True,True,pipeline-v2,0.0005018000083509833,0.01863549998961389,0.021771700005047023
5727436af1498d1400e8f55a,American_Broadcasting_Company,neighbor1-0.25,0,ok,85500,21375,21374,21463,85589,0.0,0.047619047619047616,True,True,pipeline-v2,0.00041099998634308577,0.017138600000180304,0.019934699987061322
5726efdbdd62a815002e95c6,American_Broadcasting_Company,neighbor1-0.25,0,ok,85500,21375,21373,21446,85573,0.0,0.0,False,True,pipeline-v2,0.0004793000116478652,0.016380300017772242,0.019002699991688132
57273abef1498d1400e8f4dc,American_Broadcasting_Company,neighbor1-0.25,0,ok,85500,21375,21373,21473,85600,0.0,0.18181818181818182,True,True,pipeline-v2,0.0004141999816056341,0.016895300010219216,0.01984759999322705
57273dbbf1498d1400e8f508,American_Broadcasting_Company,neighbor1-0.25,0,ok,85500,21375,21374,21471,85597,0.0,0.2222222222222222,True,True,pipeline-v2,0.00041280000004917383,0.01747569997678511,0.020230499998433515
5730b776069b5314008322bd,United_Methodist_Church,neighbor1-0.25,0,ok,41518,10379,10379,10501,41640,0.0,0.09090909090909091,True,True,pipeline-v2,0.00023750000400468707,0.00816949998261407,0.009828200010815635
5730982f396df919000961e5,United_Methodist_Church,neighbor1-0.25,0,ok,41518,10379,10379,10435,41574,0.0,0.0,False,True,pipeline-v2,0.00022990000434219837,0.007199899991974235,0.00876660001813434
5730eb5b497a881900248a43,United_Methodist_Church,neighbor1-0.25,0,ok,41518,10379,10379,10461,41600,0.0,0.18181818181818182,True,True,pipeline-v2,0.00028670000028796494,0.007607900013681501,0.009080899995751679
57309d31396df91900096213,United_Methodist_Church,neighbor1-0.25,0,ok,41518,10379,10379,10507,41646,0.0,0.6470588235294118,True,True,pipeline-v2,0.00023939998936839402,0.008387000008951873,0.00992670000414364
5730d523aca1c71400fe5b06,United_Methodist_Church,neighbor1-0.25,0,ok,41518,10379,10379,10490,41629,0.0,0.21428571428571427,True,True,pipeline-v2,0.0002308000111952424,0.008653000026242808,0.01023630000418052
5730b07c8ab72b1400f9c697,United_Methodist_Church,neighbor1-0.25,0,ok,41518,10379,10378,10483,41623,0.0,0.11428571428571428,True,True,pipeline-v2,0.0002209000231232494,0.007821900013368577,0.009947800019290298
57309d31396df91900096210,United_Methodist_Church,neighbor1-0.25,0,ok,41518,10379,10378,10497,41637,0.0,0.09302325581395349,True,True,pipeline-v2,0.00023659999715164304,0.008551499980967492,0.010119499987922609
5730bf03069b5314008322ed,United_Methodist_Church,neighbor1-0.25,0,ok,41518,10379,10378,10485,41625,0.0,0.14814814814814814,True,True,pipeline-v2,0.000398199976189062,0.010705799999414012,0.012567999976454303
57309cd6069b5314008321c3,United_Methodist_Church,neighbor1-0.25,0,ok,41518,10379,10378,10486,41626,0.0,0.5555555555555556,True,True,pipeline-v2,0.00024289998691529036,0.009589900000719354,0.011142900009872392
5730b2ac2461fd1900a9cfb5,United_Methodist_Church,neighbor1-0.25,0,ok,41518,10379,10379,10496,41635,0.0,0.21621621621621623,True,True,pipeline-v2,0.0002209000231232494,0.00844370000413619,0.009990899998228997
5733f7b9d058e614000b66a9,French_and_Indian_War,neighbor1-0.25,0,ok,36348,9087,9083,9178,36443,0.0,0.375,True,True,pipeline-v2,0.00019839999731630087,0.0059025000082328916,0.00756359999650158
5733fd66d058e614000b6735,French_and_Indian_War,neighbor1-0.25,0,ok,36348,9087,9081,9165,36432,0.0,0.11764705882352941,True,True,pipeline-v2,0.00020629999926313758,0.005928300000960007,0.00714729999890551
57340d124776f419006617c3,French_and_Indian_War,neighbor1-0.25,0,ok,36348,9087,9081,9188,36455,0.0,0.03636363636363636,False,True,pipeline-v2,0.0001928000128827989,0.006022799992933869,0.007417100016027689
5733f410d058e614000b6665,French_and_Indian_War,neighbor1-0.25,0,ok,36348,9087,9073,9156,36431,0.0,0.8387096774193549,True,True,pipeline-v2,0.00020519999088719487,0.005719200009480119,0.006913000019267201
5733f7b9d058e614000b66ab,French_and_Indian_War,neighbor1-0.25,0,ok,36348,9087,9082,9183,36449,0.0,0.3333333333333333,True,True,pipeline-v2,0.0002179000002797693,0.00678870000410825,0.00811620001331903
5733f9fa4776f4190066161f,French_and_Indian_War,neighbor1-0.25,0,ok,36348,9087,9080,9145,36413,0.0,0.0,False,True,pipeline-v2,0.00019720001728273928,0.005588200001511723,0.006686900014756247
5733dab4d058e614000b640b,French_and_Indian_War,neighbor1-0.25,0,ok,36348,9087,9084,9152,36416,0.0,0.0,False,False,pipeline-v2,0.0001999999803956598,0.006581099994946271,0.00806719998945482
5734025d4776f419006616c5,French_and_Indian_War,neighbor1-0.25,0,ok,36348,9087,9080,9152,36420,0.0,0.5714285714285714,True,True,pipeline-v2,0.00021840000408701599,0.006625300011364743,0.00801250000949949
5733f9fa4776f41900661621,French_and_Indian_War,neighbor1-0.25,0,ok,36348,9087,9080,9170,36438,0.0,0.6666666666666666,True,True,pipeline-v2,0.0003769999893847853,0.008450299996184185,0.010284099989803508
57340a094776f4190066177d,French_and_Indian_War,neighbor1-0.25,0,ok,36348,9087,9084,9169,36433,0.0,0.0,False,True,pipeline-v2,0.0002367999986745417,0.0092956000007689,0.010950900003081188
572944e03f37b319004781e2,Intergovernmental_Panel_on_Climate_Change,neighbor1-0.25,0,ok,19100,4775,4774,4862,19188,0.0,0.09090909090909091,True,True,pipeline-v2,0.0001469000126235187,0.003659199981484562,0.004414199996972457
57293bc91d0469140077919d,Intergovernmental_Panel_on_Climate_Change,neighbor1-0.25,0,ok,19100,4775,4773,4843,19170,0.0,0.24,True,True,pipeline-v2,0.00014459999511018395,0.0037210000155027956,0.004497100017033517
572943ab1d0469140077921b,Intergovernmental_Panel_on_Climate_Change,neighbor1-0.25,0,ok,19100,4775,4772,4870,19198,0.0,0.0,False,True,pipeline-v2,0.00014620000729337335,0.0032275000121444464,0.003987900010542944
5729517d6aef051400154cca,Intergovernmental_Panel_on_Climate_Change,neighbor1-0.25,0,ok,19100,4775,4775,4864,19189,0.0,0.0,False,True,pipeline-v2,0.00015419998089782894,0.0032913000031840056,0.004082100000232458
57294baaaf94a219006aa26b,Intergovernmental_Panel_on_Climate_Change,neighbor1-0.25,0,ok,19100,4775,4775,4872,19197,0.0,0.3728813559322034,True,True,pipeline-v2,0.00013460000627674162,0.0034866000059992075,0.004845200019190088
57294279af94a219006aa20b,Intergovernmental_Panel_on_Climate_Change,neighbor1-0.25,0,ok,19100,4775,4774,4863,19189,0.0,0.1875,False,False,pipeline-v2,0.00014700001338496804,0.004479800001718104,0.005600600008619949
572951f16aef051400154cce,Intergovernmental_Panel_on_Climate_Change,neighbor1-0.25,0,ok,19100,4775,4775,4869,19194,0.0,0.05714285714285714,True,True,pipeline-v2,0.00015720000374130905,0.006234000000404194,0.0076108000066597015
5729506d6aef051400154cac,Intergovernmental_Panel_on_Climate_Change,neighbor1-0.25,0,ok,19100,4775,4774,4929,19255,0.0,0.08695652173913043,True,True,pipeline-v2,0.00024289998691529036,0.0063233000109903514,0.007903099991381168
57293e221d046914007791d5,Intergovernmental_Panel_on_Climate_Change,neighbor1-0.25,0,ok,19100,4775,4773,4911,19238,0.0,0.32558139534883723,True,True,pipeline-v2,0.00030750001315027475,0.003938900015782565,0.005072100000688806
57293ca73f37b3190047815c,Intergovernmental_Panel_on_Climate_Change,neighbor1-0.25,0,ok,19100,4775,4775,4843,19168,0.0,0.13043478260869565,False,True,pipeline-v2,0.00014980000560171902,0.0026470999873708934,0.0033534000103827566
57286010ff5b5019007da1cc,University_of_Chicago,bm25-0.5,0,ok,31983,15991,15990,16094,32087,0.0,0.2222222222222222,True,True,pipeline-v2,0.0003490000090096146,0.009500800020759925,0.011790199991082773
572872dd2ca10214002da37e,University_of_Chicago,bm25-0.5,0,ok,31983,15991,15989,16059,32053,0.0,0.0,False,False,pipeline-v2,0.00019910000264644623,0.00727920001372695,0.010096900019561872
57286010ff5b5019007da1cd,University_of_Chicago,bm25-0.5,0,ok,31983,15991,15989,16055,32049,0.0,0.13333333333333333,True,True,pipeline-v2,0.0002069000038318336,0.005806499975733459,0.007640800002263859
57283db6ff5b5019007d9fbe,University_of_Chicago,bm25-0.5,0,ok,31983,15991,15991,16096,32088,0.0,0.42105263157894735,True,True,pipeline-v2,0.00019049999536946416,0.005249800015008077,0.007086800003889948
572847ff3acd2414000df869,University_of_Chicago,bm25-0.5,0,ok,31983,15991,15990,16091,32084,0.0,0.0,False,True,pipeline-v2,0.0001779999874997884,0.005816499993670732,0.008084600005531684
572870b2ff5b5019007da222,University_of_Chicago,bm25-0.5,0,ok,31983,15991,15989,16114,32108,0.0,0.21052631578947367,True,True,pipeline-v2,0.00021269998978823423,0.005653100000927225,0.00761979998787865
572843304b864d190016484b,University_of_Chicago,bm25-0.5,0,ok,31983,15991,15990,16061,32054,0.0,0.3333333333333333,True,True,pipeline-v2,0.00045540000428445637,0.00561819999711588,0.008040200016694143
57284142ff5b5019007da00a,University_of_Chicago,bm25-0.5,0,ok,31983,15991,15990,16076,32069,0.0,0.0,False,True,pipeline-v2,0.00018179998733103275,0.0061184999940451235,0.008729099994525313
57285213ff5b5019007da182,University_of_Chicago,bm25-0.5,0,ok,31983,15991,15990,16085,32078,0.0,0.0,False,True,pipeline-v2,0.00019120000069960952,0.005632799991872162,0.00741990000824444
57286ec63acd2414000df9d3,University_of_Chicago,bm25-0.5,0,ok,31983,15991,15990,16091,32084,0.0,0.0851063829787234,True,True,pipeline-v2,0.00042729999404400587,0.005820299993501976,0.0079857999808155
57287e512ca10214002da3fb,Yuan_dynasty,bm25-0.5,0,ok,45620,22810,22803,22883,45700,0.0,0.13333333333333333,True,True,pipeline-v2,0.0002662999904714525,0.010902300011366606,0.014318999979877844
572879574b864d1900164a14,Yuan_dynasty,bm25-0.5,0,ok,45620,22810,22810,22907,45717,0.0,0.18181818181818182,True,True,pipeline-v2,0.0003030999796465039,0.011064099991926923,0.014779899996938184
57287b4a4b864d1900164a28,Yuan_dynasty,bm25-0.5,0,ok,45620,22810,22803,22898,45715,0.0,0.16666666666666666,True,True,pipeline-v2,0.0005911999905947596,0.014277599984779954,0.01883710001129657
572860e03acd2414000df979,Yuan_dynasty,bm25-0.5,0,ok,45620,22810,22794,22863,45689,0.0,0.0,False,True,pipeline-v2,0.00025430001551285386,0.012403100001392886,0.015387400024337694
572885c44b864d1900164a7a,Yuan_dynasty,bm25-0.5,0,ok,45620,22810,22797,22873,45696,0.0,0.0,False,True,pipeline-v2,0.00024210000992752612,0.01026900002034381,0.013154599990230054
572872822ca10214002da375,Yuan_dynasty,bm25-0.5,0,ok,45620,22810,22810,22920,45730,0.0,0.0,False,True,pipeline-v2,0.00028750000637955964,0.011509799980558455,0.014847000013105571
57288428ff5b5019007da292,Yuan_dynasty,bm25-0.5,0,ok,45620,22810,22810,22882,45692,0.0,0.26666666666666666,True,True,pipeline-v2,0.00026000000070780516,0.01741060000495054,0.02196630000253208
5728809f2ca10214002da40d,Yuan_dynasty,bm25-0.5,0,ok,45620,22810,22805,22872,45687,0.0,0.6153846153846154,True,True,pipeline-v2,0.00027990000671707094,0.010445799998706207,0.013883700012229383
57287f6a3acd2414000dfa55,Yuan_dynasty,bm25-0.5,0,ok,45620,22810,22797,22889,45712,0.0,0.09090909090909091,True,True,pipeline-v2,0.0002541000139899552,0.011368900013621897,0.014903900009812787
572860e03acd2414000df977,Yuan_dynasty,bm25-0.5,0,ok,45620,22810,22783,22872,45709,0.0,0.0,False,True,pipeline-v2,0.00025060001644305885,0.011806100024841726,0.015153600019402802
5729f799af94a219006aa70a,Immune_system,bm25-0.5,0,ok,41014,20507,20496,20599,41117,0.0,0.0,False,True,pipeline-v2,0.000517400010721758,0.009281400009058416,0.012749699992127717
5726f8abf1498d1400e8f166,Immune_system,bm25-0.5,0,ok,41014,20507,20507,20597,41104,0.0,0.7,True,True,pipeline-v2,0.00030059998971410096,0.010312200000043958,0.013199799985159189
5729f69caf94a219006aa6fb,Immune_system,bm25-0.5,0,ok,41014,20507,20506,20644,41152,0.0,0.10526315789473684,True,True,pipeline-v2,0.0002445999998599291,0.011048600019421428,0.015187000011792406
5729f1fcaf94a219006aa6d6,Immune_system,bm25-0.5,0,ok,41014,20507,20506,20634,41142,0.0,0.24242424242424243,True,True,pipeline-v2,0.00024120000307448208,0.012443299987353384,0.016688400006387383
5729f4b41d0469140077968d,Immune_system,bm25-0.5,0,ok,41014,20507,20505,20649,41158,0.0,0.11764705882352941,True,True,pipeline-v2,0.00041149999015033245,0.011260799976298586,0.015176999993855134
572900f73f37b31900477f6b,Immune_system,bm25-0.5,0,ok,41014,20507,20505,20623,41132,0.0,0.3333333333333333,True,True,pipeline-v2,0.00039159998414106667,0.009530400013318285,0.012937499996041879
572a07fc6aef0514001551dc,Immune_system,bm25-0.5,0,ok,41014,20507,20506,20619,41127,0.0,0.6666666666666666,True,True,pipeline-v2,0.0002724000078160316,0.012271300016436726,0.015539299987722188
572a12386aef051400155237,Immune_system,bm25-0.5,0,ok,41014,20507,20506,20635,41143,0.0,0.2857142857142857,True,True,pipeline-v2,0.0002804000105243176,0.01156399998581037,0.016169900016393512
5728f7774b864d1900165132,Immune_system,bm25-0.5,0,ok,41014,20507,20505,20614,41123,0.0,0.2,True,True,pipeline-v2,0.0002604000037536025,0.013066599989542738,0.017850900010671467
5728f6446aef0514001548e4,Immune_system,bm25-0.5,0,ok,41014,20507,20507,20607,41114,0.0,0.46153846153846156,True,True,pipeline-v2,0.00044079998042434454,0.012134099990362301,0.015495500003453344
57292449af94a219006aa0df,Kenya,bm25-0.5,0,ok,40122,20061,20060,20139,40201,0.0,0.4,True,True,pipeline-v2,0.00026470000739209354,0.009632900008000433,0.01285289999214001
5728fa576aef051400154922,Kenya,bm25-0.5,0,ok,40122,20061,20060,20132,40194,0.0,0.2,True,True,pipeline-v2,0.000222100003156811,0.010989500005962327,0.015000300016254187
572918bd3f37b31900478018,Kenya,bm25-0.5,0,ok,40122,20061,20061,20151,40212,0.0,0.25,True,True,pipeline-v2,0.00023320000036619604,0.012459899997338653,0.01541899997391738
572913626aef051400154a30,Kenya,bm25-0.5,0,ok,40122,20061,20059,20137,40200,0.0,0.7857142857142857,True,True,pipeline-v2,0.0004216000088490546,0.00985419997596182,0.013288699992699549
572929d56aef051400154b0b,Kenya,bm25-0.5,0,ok,40122,20061,20060,20132,40194,0.0,0.7333333333333333,True,True,pipeline-v2,0.00022709998302161694,0.010598299995763227,0.013779799977783114
57291a7b1d04691400779040,Kenya,bm25-0.5,0,ok,40122,20061,20061,20134,40195,0.0,0.48,True,True,pipeline-v2,0.00025790001382119954,0.010650499985786155,0.014008099999045953
572906e23f37b31900477f8e,Kenya,bm25-0.5,0,ok,40122,20061,20059,20130,40193,0.0,0.5161290322580645,True,True,pipeline-v2,0.00023210002109408379,0.010127500019734725,0.012749800021992996
57291fb4af94a219006aa0b5,Kenya,bm25-0.5,0,ok,40122,20061,20060,20151,40213,0.0,0.42105263157894735,True,True,pipeline-v2,0.0002689999819267541,0.01115649999701418,0.0136884999810718
572926653f37b3190047807d,Kenya,bm25-0.5,0,ok,40122,20061,20058,20127,40191,0.0,0.08333333333333333,False,False,pipeline-v2,0.00046290000318549573,0.011802699998952448,0.014645799994468689
572903d96aef0514001549a7,Kenya,bm25-0.5,0,ok,40122,20061,20061,20156,40217,0.0,0.18181818181818182,True,True,pipeline-v2,0.00025499999173916876,0.011145399999804795,0.014139300008537248
5730b4282461fd1900a9cfc7,Imperialism,bm25-0.5,0,ok,35849,17924,17924,18021,35946,0.0,0.25806451612903225,True,True,pipeline-v2,0.00024969998048618436,0.00874889999977313,0.011754299979656935
573062662461fd1900a9cdf7,Imperialism,bm25-0.5,0,ok,35849,17924,17924,18007,35932,0.0,0.11764705882352941,True,True,pipeline-v2,0.00033969999640248716,0.007110800012014806,0.009453000006033108
5730876a396df9190009617e,Imperialism,bm25-0.5,0,ok,35849,17924,17923,18012,35938,0.0,0.06451612903225806,True,True,pipeline-v2,0.0003969999961555004,0.008224799996241927,0.011009000008925796
573092088ab72b1400f9c595,Imperialism,bm25-0.5,0,ok,35849,17924,17919,18011,35941,0.0,0.23529411764705882,True,True,pipeline-v2,0.0003203999949619174,0.008243900025263429,0.011176699976203963
5730876a396df9190009617b,Imperialism,bm25-0.5,0,ok,35849,17924,17923,18013,35939,0.0,0.05405405405405406,False,True,pipeline-v2,0.00023869998403824866,0.008585400006268173,0.011106499994639307
573083dc2461fd1900a9ce70,Imperialism,bm25-0.5,0,ok,35849,17924,17922,18027,35954,0.0,0.0,False,True,pipeline-v2,0.00022769998759031296,0.008229500002926216,0.01141869998537004
5730ab63396df91900096262,Imperialism,bm25-0.5,0,ok,35849,17924,17924,18019,35944,0.0,0.1276595744680851,True,True,pipeline-v2,0.0002468999882694334,0.007081699994159862,0.009285999985877424
57309bfb8ab72b1400f9c5e7,Imperialism,bm25-0.5,0,ok,35849,17924,17923,18037,35963,0.0,0.08,False,True,pipeline-v2,0.0002455000067129731,0.008013599988771603,0.010533199994824827
5730b255396df919000962b0,Imperialism,bm25-0.5,0,ok,35849,17924,17923,18022,35948,0.0,0.25,True,True,pipeline-v2,0.00021699999342672527,0.007445499999448657,0.009681299998192117
573085ea8ab72b1400f9c550,Imperialism,bm25-0.5,0,ok,35849,17924,17922,17993,35920,0.0,0.8095238095238095,True,True,pipeline-v2,0.00043750001350417733,0.007154199993237853,0.009700900001917034
57273249f1498d1400e8f46e,Genghis_Khan,bm25-0.5,0,ok,41165,20582,20582,20735,41318,0.0,0.05714285714285714,True,True,pipeline-v2,0.0002773999876808375,0.01033560000360012,0.013961699994979426
572758c3dd62a815002e9b79,Genghis_Khan,bm25-0.5,0,ok,41165,20582,20579,20653,41239,0.0,0.5679012345679012,True,True,pipeline-v2,0.00026550001348368824,0.008713999995961785,0.011770200013415888
57273d06f1498d1400e8f4f9,Genghis_Khan,bm25-0.5,0,ok,41165,20582,20578,20672,41259,0.0,0.19047619047619047,True,True,pipeline-v2,0.0002266000083182007,0.00899189998744987,0.011528200004249811
5727580bf1498d1400e8f69a,Genghis_Khan,bm25-0.5,0,ok,41165,20582,20581,20709,41293,0.0,0.1,True,True,pipeline-v2,0.00024309998843818903,0.009786199982045218,0.012837699992815033
57273dccdd62a815002e99fb,Genghis_Khan,bm25-0.5,0,ok,41165,20582,20582,20697,41280,0.0,0.20833333333333334,True,True,pipeline-v2,0.00029219998396001756,0.009843100007856265,0.013095099973725155
5726ae32708984140094cdae,Genghis_Khan,bm25-0.5,0,ok,41165,20582,20582,20693,41276,0.0,0.23529411764705882,True,True,pipeline-v2,0.0002700999903026968,0.010041500005172566,0.013458100002026185
57272ce1f1498d1400e8f43d,Genghis_Khan,bm25-0.5,0,ok,41165,20582,20582,20690,41273,0.0,0.21052631578947367,True,True,pipeline-v2,0.00023100001271814108,0.009205899987136945,0.011977800022577867
57269e8a5951b619008f77f7,Genghis_Khan,bm25-0.5,0,ok,41165,20582,20581,20693,41277,0.0,0.05714285714285714,False,False,pipeline-v2,0.0002835000050254166,0.009623499994631857,0.01274629999534227
5727515af1498d1400e8f63c,Genghis_Khan,bm25-0.5,0,ok,41165,20582,20581,20713,41297,0.0,0.07142857142857142,True,True,pipeline-v2,0.0002778000198304653,0.00970749999396503,0.012711500021396205
5726c0c5dd62a815002e8f7a,Genghis_Khan,bm25-0.5,0,ok,41165,20582,20577,20672,41260,0.0,0.13793103448275862,True,True,pipeline-v2,0.00035000001662410796,0.00931329999002628,0.01233600001432933
57273c195951b619008f8722,American_Broadcasting_Company,bm25-0.5,0,ok,85500,42750,42748,42844,85596,0.0,0.0,False,True,pipeline-v2,0.0007063999946694821,0.02173239999683574,0.026978300011251122
5727448b5951b619008f87a3,American_Broadcasting_Company,bm25-0.5,0,ok,85500,42750,42749,42871,85622,0.0,0.031746031746031744,True,True,pipeline-v2,0.0004078999918419868,0.02130860000033863,0.026366999984020367
57275f6ef1498d1400e8f708,American_Broadcasting_Company,bm25-0.5,0,ok,85500,42750,42748,42861,85613,0.0,0.13333333333333333,True,True,pipeline-v2,0.0004005999944638461,0.02231420000316575,0.027723199978936464
57267ca75951b619008f746b,American_Broadcasting_Company,bm25-0.5,0,ok,85500,42750,42748,42835,85587,0.0,0.0,False,True,pipeline-v2,0.0005029999883845448,0.022117999993497506,0.027007099997717887
57273c195951b619008f8723,American_Broadcasting_Company,bm25-0.5,0,ok,85500,42750,42749,42863,85614,0.0,0.0,False,True,pipeline-v2,0.00041700000292621553,0.021531599981244653,0.026471399993170053
57273d19708984140094db3f,American_Broadcasting_Company,bm25-0.5,0,ok,85500,42750,42749,42848,85599,0.0,0.19047619047619047,True,True,pipeline-v2,0.0004774999979417771,0.021672200004104525,0.02667640001163818
5727436af1498d1400e8f55a,American_Broadcasting_Company,bm25-0.5,0,ok,85500,42750,42749,42838,85589,0.0,0.047619047619047616,True,True,pipeline-v2,0.0004487000114750117,0.022319799987599254,0.0276570999994874
5726efdbdd62a815002e95c6,American_Broadcasting_Company,bm25-0.5,0,ok,85500,42750,42750,42823,85573,0.0,0.0,False,True,pipeline-v2,0.0004112000169698149,0.01997219998156652,0.025155300012556836
57273abef1498d1400e8f4dc,American_Broadcasting_Company,bm25-0.5,0,ok,85500,42750,42750,42850,85600,0.0,0.18181818181818182,True,True,pipeline-v2,0.0004721999866887927,0.020808600005693734,0.025980599981267005
57273dbbf1498d1400e8f508,American_Broadcasting_Company,bm25-0.5,0,ok,85500,42750,42749,42846,85597,0.0,0.2222222222222222,True,True,pipeline-v2,0.00042509997729212046,0.020020500000100583,0.024757099978160113
5730b776069b5314008322bd,United_Methodist_Church,bm25-0.5,0,ok,41518,20759,20759,20881,41640,0.0,0.09090909090909091,True,True,pipeline-v2,0.0003752000047825277,0.009362900018459186,0.012802299985196441
5730982f396df919000961e5,United_Methodist_Church,bm25-0.5,0,ok,41518,20759,20759,20815,41574,0.0,0.0,False,True,pipeline-v2,0.0002133999951183796,0.008332900004461408,0.010530400002608076
5730eb5b497a881900248a43,United_Methodist_Church,bm25-0.5,0,ok,41518,20759,20759,20841,41600,0.0,0.18181818181818182,True,True,pipeline-v2,0.00028440001187846065,0.009040000004461035,0.011803300003521144
57309d31396df91900096213,United_Methodist_Church,bm25-0.5,0,ok,41518,20759,20759,20887,41646,0.0,0.6470588235294118,True,True,pipeline-v2,0.00026240001898258924,0.009985399985453114,0.012736300006508827
5730d523aca1c71400fe5b06,United_Methodist_Church,bm25-0.5,0,ok,41518,20759,20758,20869,41629,0.0,0.21428571428571427,True,True,pipeline-v2,0.000239099987084046,0.009829600021475926,0.01256689999718219
5730b07c8ab72b1400f9c697,United_Methodist_Church,bm25-0.5,0,ok,41518,20759,20759,20864,41623,0.0,0.11428571428571428,True,True,pipeline-v2,0.0003859999997075647,0.009069100022315979,0.011916899995412678
57309d31396df91900096210,United_Methodist_Church,bm25-0.5,0,ok,41518,20759,20759,20878,41637,0.0,0.09302325581395349,True,True,pipeline-v2,0.00026420000358484685,0.009178400010569021,0.011779399996157736
5730bf03069b5314008322ed,United_Methodist_Church,bm25-0.5,0,ok,41518,20759,20759,20866,41625,0.0,0.14814814814814814,True,True,pipeline-v2,0.0004360000020824373,0.009670800005551428,0.012617800006410107
57309cd6069b5314008321c3,United_Methodist_Church,bm25-0.5,0,ok,41518,20759,20759,20867,41626,0.0,0.5555555555555556,True,True,pipeline-v2,0.000212200015084818,0.007716100022662431,0.010402499989140779
5730b2ac2461fd1900a9cfb5,United_Methodist_Church,bm25-0.5,0,ok,41518,20759,20758,20875,41635,0.0,0.21621621621621623,True,True,pipeline-v2,0.0002857999934349209,0.008269600017229095,0.010997400007909164
5733f7b9d058e614000b66a9,French_and_Indian_War,bm25-0.5,0,ok,36348,18174,18168,18263,36443,0.0,0.375,True,True,pipeline-v2,0.0002545999886933714,0.008804400014923885,0.011946999991778284
5733fd66d058e614000b6735,French_and_Indian_War,bm25-0.5,0,ok,36348,18174,18163,18247,36432,0.0,0.11764705882352941,True,True,pipeline-v2,0.00025919999461621046,0.007863100006943569,0.010337599989725277
57340d124776f419006617c3,French_and_Indian_War,bm25-0.5,0,ok,36348,18174,18174,18281,36455,0.0,0.03636363636363636,False,True,pipeline-v2,0.0002179000002797693,0.008611799974460155,0.011047000007238239
5733f410d058e614000b6665,French_and_Indian_War,bm25-0.5,0,ok,36348,18174,18173,18256,36431,0.0,0.8387096774193549,True,True,pipeline-v2,0.00026500000967644155,0.00781839998671785,0.01077860000077635
5733f7b9d058e614000b66ab,French_and_Indian_War,bm25-0.5,0,ok,36348,18174,18159,18260,36449,0.0,0.3333333333333333,True,True,pipeline-v2,0.00022929999977350235,0.008231700019678101,0.010676300007617101
5733f9fa4776f4190066161f,French_and_Indian_War,bm25-0.5,0,ok,36348,18174,18171,18236,36413,0.0,0.0,False,True,pipeline-v2,0.00032750001992098987,0.007276999996975064,0.009492400015005842
5733dab4d058e614000b640b,French_and_Indian_War,bm25-0.5,0,ok,36348,18174,18170,18238,36416,0.0,0.0,False,True,pipeline-v2,0.0002463000128045678,0.0068740999849978834,0.009026600018842146
5734025d4776f419006616c5,French_and_Indian_War,bm25-0.5,0,ok,36348,18174,18174,18246,36420,0.0,0.5714285714285714,True,True,pipeline-v2,0.00020070001482963562,0.009996999986469746,0.013554800010751933
5733f9fa4776f41900661621,French_and_Indian_War,bm25-0.5,0,ok,36348,18174,18164,18254,36438,0.0,0.09090909090909091,False,True,pipeline-v2,0.00021869997726753354,0.009847700013779104,0.014190399990184233
57340a094776f4190066177d,French_and_Indian_War,bm25-0.5,0,ok,36348,18174,18174,18259,36433,0.0,0.0,False,True,pipeline-v2,0.0002505000156816095,0.008180399978300557,0.010520200012251735
572944e03f37b319004781e2,Intergovernmental_Panel_on_Climate_Change,bm25-0.5,0,ok,19100,9550,9549,9637,19188,0.0,0.09090909090909091,True,True,pipeline-v2,0.00020509999012574553,0.0033011000195983797,0.0045193000114522874
57293bc91d0469140077919d,Intergovernmental_Panel_on_Climate_Change,bm25-0.5,0,ok,19100,9550,9550,9620,19170,0.0,0.24,True,True,pipeline-v2,0.00024270001449622214,0.003050500003155321,0.004297600011341274
572943ab1d0469140077921b,Intergovernmental_Panel_on_Climate_Change,bm25-0.5,0,ok,19100,9550,9549,9647,19198,0.0,0.0,False,False,pipeline-v2,0.00018339999951422215,0.0030740000074729323,0.004298300016671419
5729517d6aef051400154cca,Intergovernmental_Panel_on_Climate_Change,bm25-0.5,0,ok,19100,9550,9549,9638,19189,0.0,0.0,False,True,pipeline-v2,0.00019640001119114459,0.003257200005464256,0.0045977000263519585
57294baaaf94a219006aa26b,Intergovernmental_Panel_on_Climate_Change,bm25-0.5,0,ok,19100,9550,9549,9646,19197,0.0,0.3728813559322034,True,True,pipeline-v2,0.0001598999951966107,0.0032401999924331903,0.00477669999236241
57294279af94a219006aa20b,Intergovernmental_Panel_on_Climate_Change,bm25-0.5,0,ok,19100,9550,9549,9638,19189,0.0,0.1875,False,False,pipeline-v2,0.00014139999984763563,0.0030018000106792897,0.00488790002418682
572951f16aef051400154cce,Intergovernmental_Panel_on_Climate_Change,bm25-0.5,0,ok,19100,9550,9550,9644,19194,0.0,0.05714285714285714,True,True,pipeline-v2,0.0002162999880965799,0.003632000007200986,0.005478000006405637
5729506d6aef051400154cac,Intergovernmental_Panel_on_Climate_Change,bm25-0.5,0,ok,19100,9550,9550,9705,19255,0.0,0.08695652173913043,True,True,pipeline-v2,0.0002796000044327229,0.00485669999034144,0.007094700005836785
57293e221d046914007791d5,Intergovernmental_Panel_on_Climate_Change,bm25-0.5,0,ok,19100,9550,9548,9686,19238,0.0,0.32558139534883723,True,True,pipeline-v2,0.0002753000007942319,0.0052813000220339745,0.007380099996225908
57293ca73f37b3190047815c,Intergovernmental_Panel_on_Climate_Change,bm25-0.5,0,ok,19100,9550,9549,9617,19168,0.0,0.13043478260869565,False,True,pipeline-v2,0.00014139999984763563,0.0036262000212445855,0.0050703999877441674
